//이벤트 아이디는 인덱스 번호이며 중복 불가이다. 최소 레벨과 최대 레벨은 드랍할 몬스터의 레벨 구간이다.,,,,,,,,,,,
//영구적으로 드랍할 아이템은 종료시간을 3000-01-01 12:00 으로 설정하면 된다.,,,,,,,,,,,
// 나머지 내용은 propDropMonsterName의 설명을 참조.,,,,,,,,,,,
//이벤트 ID,최소 레벨,최대 레벨,시작 시간,종료 시간,대표 확률 이름,대표 확률10000,아이템ID,확률10000,아이템 드랍 개수최소,아이템 드랍 개수최대,퀘스트ID
//dwEventID,dwLevelMin,dwLevelMax,szStartDate,szEndDate,szMainProbName,dwMainProb,dwItemID,dwProb,dwItemCountMin,dwItemCountMax,nQuestID
1,1,7,2010-03-03 10:00,3000-01-01 12:00,-,-,-,-,-,-,-
-,-,-,-,-,WEAPON,800,-,-,-,-,-
-,-,-,-,-,-,-,II_WEA_SWO_WOODEN,5000,1,1,-
-,-,-,-,-,-,-,II_WEA_SWO_LONG,5000,1,1,-
2,8,11,2010-03-03 10:00,3000-01-01 12:00,-,-,-,-,-,-,-
-,-,-,-,-,WEAPON,600,-,-,-,-,-
-,-,-,-,-,-,-,II_WEA_SWO_HANDCLAW,5000,1,1,-
-,-,-,-,-,-,-,II_WEA_AXE_RODNEY,2500,1,1,-
-,-,-,-,-,-,-,II_WEA_SWO_HANDCLAW,2500,1,1,-
3,12,16,2010-03-03 10:00,3000-01-01 12:00,-,-,-,-,-,-,-
-,-,-,-,-,WEAPON,500,-,-,-,-,-
-,-,-,-,-,-,-,II_WEA_AXE_RODNEY,2500,1,1,-
-,-,-,-,-,-,-,II_WEA_SWO_PARMIL,2500,1,1,-
-,-,-,-,-,-,-,II_WEA_SWO_PARMIL,2500,1,1,-
-,-,-,-,-,-,-,II_WEA_AXE_MORROW,1250,1,1,-
-,-,-,-,-,-,-,II_WEA_SWO_CRIMSON,1250,1,1,-
4,13,20,2010-03-03 10:00,3000-01-01 12:00,-,-,-,-,-,-,-
-,-,-,-,-,WEAPON,20,-,-,-,-,-
-,-,-,-,-,-,-,II_WEA_SWO_KEHIN,1666,1,1,-
-,-,-,-,-,-,-,II_WEA_CHEE_MERYL,1666,1,1,-
-,-,-,-,-,-,-,II_WEA_WAN_NEFUME,1666,1,1,-
-,-,-,-,-,-,-,II_WEA_STA_SHUPRIM,1666,1,1,-
-,-,-,-,-,-,-,II_WEA_KNU_PAZION,1666,1,1,-
-,-,-,-,-,-,-,II_WEA_AXE_GRABBER,1670,1,1,-
5,9,14,2010-03-03 10:00,3000-01-01 12:00,-,-,-,-,-,-,-
-,-,-,-,-,WEAPON,5,-,-,-,-,-
-,-,-,-,-,-,-,II_WEA_SWO_BOBOKU,5000,1,1,-
-,-,-,-,-,-,-,II_WEA_AXE_LUDA,5000,1,1,-
6,17,23,2010-03-03 10:00,3000-01-01 12:00,-,-,-,-,-,-,-
-,-,-,-,-,WEAPON,450,-,-,-,-,-
-,-,-,-,-,-,-,II_WEA_AXE_CURNING,625,1,1,-
-,-,-,-,-,-,-,II_WEA_AXE_SHYADIN,625,1,1,-
-,-,-,-,-,-,-,II_WEA_BOW_WOODNE,625,1,1,-
-,-,-,-,-,-,-,II_WEA_BOW_GREENT,625,1,1,-
-,-,-,-,-,-,-,II_WEA_CHEE_PLIM,625,1,1,-
-,-,-,-,-,-,-,II_WEA_CHEE_SCULL,625,1,1,-
-,-,-,-,-,-,-,II_WEA_KNU_OVERAM,625,1,1,-
-,-,-,-,-,-,-,II_WEA_KNU_SARDINE,625,1,1,-
-,-,-,-,-,-,-,II_WEA_STA_MILE,625,1,1,-
-,-,-,-,-,-,-,II_WEA_STA_NILE,625,1,1,-
-,-,-,-,-,-,-,II_WEA_SWO_PETAL,625,1,1,-
-,-,-,-,-,-,-,II_WEA_SWO_BLINK,625,1,1,-
-,-,-,-,-,-,-,II_WEA_WAN_SEAL,625,1,1,-
-,-,-,-,-,-,-,II_WEA_WAN_CUBIC,625,1,1,-
-,-,-,-,-,-,-,II_WEA_YOY_ITUN,625,1,1,-
-,-,-,-,-,-,-,II_WEA_YOY_SLEPIN,625,1,1,-
7,27,33,2010-03-03 10:00,3000-01-01 12:00,-,-,-,-,-,-,-
-,-,-,-,-,WEAPON,20,-,-,-,-,-
-,-,-,-,-,-,-,II_WEA_SWO_ZIRKAN,1667,1,1,-
-,-,-,-,-,-,-,II_WEA_CHEE_PAPANG,1667,1,1,-
-,-,-,-,-,-,-,II_WEA_WAN_DAZZLE,1667,1,1,-
-,-,-,-,-,-,-,II_WEA_STA_PAPANEW,1667,1,1,-
-,-,-,-,-,-,-,II_WEA_KNU_PRENIL,1666,1,1,-
-,-,-,-,-,-,-,II_WEA_AXE_CREST,1666,1,1,-
8,19,29,2010-03-03 10:00,3000-01-01 12:00,-,-,-,-,-,-,-
-,-,-,-,-,WEAPON,5,-,-,-,-,-
-,-,-,-,-,-,-,II_WEA_SWO_FALL,1250,1,1,-
-,-,-,-,-,-,-,II_WEA_AXE_FALL,1250,1,1,-
-,-,-,-,-,-,-,II_WEA_KNU_FALL,1250,1,1,-
-,-,-,-,-,-,-,II_WEA_YOY_YOY15,1250,1,1,-
-,-,-,-,-,-,-,II_WEA_BOW_BOW15,1250,1,1,-
-,-,-,-,-,-,-,II_WEA_CHEE_CHE15,1250,1,1,-
-,-,-,-,-,-,-,II_WEA_WAN_WAN15,1250,1,1,-
-,-,-,-,-,-,-,II_WEA_STA_STA15,1250,1,1,-
9,22,32,2010-03-03 10:00,3000-01-01 12:00,-,-,-,-,-,-,-
-,-,-,-,-,WEAPON,430,-,-,-,-,-
-,-,-,-,-,-,-,II_WEA_SWO_OUTLAW,1250,1,1,-
-,-,-,-,-,-,-,II_WEA_AXE_BRONZE,1250,1,1,-
-,-,-,-,-,-,-,II_WEA_CHEE_HUEY,1250,1,1,-
-,-,-,-,-,-,-,II_WEA_WAN_EPI,1250,1,1,-
-,-,-,-,-,-,-,II_WEA_STA_INNER,1250,1,1,-
-,-,-,-,-,-,-,II_WEA_KNU_TWIT,1250,1,1,-
-,-,-,-,-,-,-,II_WEA_YOY_CLIENT,1250,1,1,-
-,-,-,-,-,-,-,II_WEA_BOW_STIENG,1250,1,1,-
10,31,43,2010-03-03 10:00,3000-01-01 12:00,-,-,-,-,-,-,-
-,-,-,-,-,WEAPON,20,-,-,-,-,-
-,-,-,-,-,-,-,II_WEA_SWO_STRAD,1667,1,1,-
-,-,-,-,-,-,-,II_WEA_CHEE_DAIN,1667,1,1,-
-,-,-,-,-,-,-,II_WEA_WAN_PENY,1667,1,1,-
-,-,-,-,-,-,-,II_WEA_STA_PINSI,1667,1,1,-
-,-,-,-,-,-,-,II_WEA_KNU_SALAMANDER,1666,1,1,-
-,-,-,-,-,-,-,II_WEA_AXE_CANINE,1666,1,1,-
11,20,35,2010-03-03 10:00,3000-01-01 12:00,-,-,-,-,-,-,-
-,-,-,-,-,WEAPON,10,-,-,-,-,-
-,-,-,-,-,-,-,II_WEA_SWO_ARKON,1667,1,1,-
-,-,-,-,-,-,-,II_WEA_CHEE_GRIM,1667,1,1,-
-,-,-,-,-,-,-,II_WEA_WAN_DIA,1667,1,1,-
-,-,-,-,-,-,-,II_WEA_STA_VEGA,1667,1,1,-
-,-,-,-,-,-,-,II_WEA_KNU_BABIL,1666,1,1,-
-,-,-,-,-,-,-,II_WEA_AXE_KARHEM,1666,1,1,-
12,34,44,2010-03-03 10:00,3000-01-01 12:00,-,-,-,-,-,-,-
-,-,-,-,-,WEAPON,4,-,-,-,-,-
-,-,-,-,-,-,-,II_WEA_SWO_SWD30,1250,1,1,-
-,-,-,-,-,-,-,II_WEA_AXE_AXE30,1250,1,1,-
-,-,-,-,-,-,-,II_WEA_KNU_KNU30,1250,1,1,-
-,-,-,-,-,-,-,II_WEA_YOY_YOY30,1250,1,1,-
-,-,-,-,-,-,-,II_WEA_BOW_BOW30,1250,1,1,-
-,-,-,-,-,-,-,II_WEA_CHEE_CHE30,1250,1,1,-
-,-,-,-,-,-,-,II_WEA_WAN_WAN30,1250,1,1,-
-,-,-,-,-,-,-,II_WEA_STA_STA30,1250,1,1,-
13,28,40,2010-03-03 10:00,3000-01-01 12:00,-,-,-,-,-,-,-
-,-,-,-,-,WEAPON,410,-,-,-,-,-
-,-,-,-,-,-,-,II_WEA_SWO_FAIRSLENDER,625,1,1,-
-,-,-,-,-,-,-,II_WEA_SWO_CLIP,625,1,1,-
-,-,-,-,-,-,-,II_WEA_AXE_GRANG,625,1,1,-
-,-,-,-,-,-,-,II_WEA_AXE_DRONE,625,1,1,-
-,-,-,-,-,-,-,II_WEA_CHEE_KUDOS,625,1,1,-
-,-,-,-,-,-,-,II_WEA_CHEE_SAYRAM,625,1,1,-
-,-,-,-,-,-,-,II_WEA_WAN_NIZ,625,1,1,-
-,-,-,-,-,-,-,II_WEA_WAN_RUBY,625,1,1,-
-,-,-,-,-,-,-,II_WEA_STA_HERALD,625,1,1,-
-,-,-,-,-,-,-,II_WEA_STA_ADDSELF,625,1,1,-
-,-,-,-,-,-,-,II_WEA_KNU_XENO,625,1,1,-
-,-,-,-,-,-,-,II_WEA_KNU_SIDE,625,1,1,-
-,-,-,-,-,-,-,II_WEA_YOY_TENSU,625,1,1,-
-,-,-,-,-,-,-,II_WEA_YOY_EMPORE,625,1,1,-
-,-,-,-,-,-,-,II_WEA_BOW_CLASEM,625,1,1,-
-,-,-,-,-,-,-,II_WEA_BOW_REDIAN,625,1,1,-
14,36,48,2010-03-03 10:00,3000-01-01 12:00,-,-,-,-,-,-,-
-,-,-,-,-,WEAPON,20,-,-,-,-,-
-,-,-,-,-,-,-,II_WEA_SWO_SIBAK,1667,1,1,-
-,-,-,-,-,-,-,II_WEA_CHEE_SEPHY,1667,1,1,-
-,-,-,-,-,-,-,II_WEA_WAN_ECLIPSE,1667,1,1,-
-,-,-,-,-,-,-,II_WEA_STA_LEAFGALE,1667,1,1,-
-,-,-,-,-,-,-,II_WEA_KNU_GIGATON,1666,1,1,-
-,-,-,-,-,-,-,II_WEA_AXE_CRAWLER,1666,1,1,-
15,41,53,2010-03-03 10:00,3000-01-01 12:00,-,-,-,-,-,-,-
-,-,-,-,-,WEAPON,390,-,-,-,-,-
-,-,-,-,-,-,-,II_WEA_AXE_CORIN,625,1,1,-
-,-,-,-,-,-,-,II_WEA_AXE_CROW,625,1,1,-
-,-,-,-,-,-,-,II_WEA_BOW_IRUN,625,1,1,-
-,-,-,-,-,-,-,II_WEA_BOW_REFOME,625,1,1,-
-,-,-,-,-,-,-,II_WEA_CHEE_FLURY,625,1,1,-
-,-,-,-,-,-,-,II_WEA_CHEE_NINEGALE,625,1,1,-
-,-,-,-,-,-,-,II_WEA_KNU_RIGOR,625,1,1,-
-,-,-,-,-,-,-,II_WEA_KNU_RAMPART,625,1,1,-
-,-,-,-,-,-,-,II_WEA_STA_IGNIS,625,1,1,-
-,-,-,-,-,-,-,II_WEA_STA_TEBA,625,1,1,-
-,-,-,-,-,-,-,II_WEA_SWO_SEPAL,625,1,1,-
-,-,-,-,-,-,-,II_WEA_SWO_CYLOS,625,1,1,-
-,-,-,-,-,-,-,II_WEA_WAN_POLY,625,1,1,-
-,-,-,-,-,-,-,II_WEA_WAN_MEKERHILL,625,1,1,-
-,-,-,-,-,-,-,II_WEA_YOY_MIRAGL,625,1,1,-
-,-,-,-,-,-,-,II_WEA_YOY_RIDENE,625,1,1,-
16,42,54,2010-03-03 10:00,3000-01-01 12:00,-,-,-,-,-,-,-
-,-,-,-,-,WEAPON,20,-,-,-,-,-
-,-,-,-,-,-,-,II_WEA_SWO_FLAM,1667,1,1,-
-,-,-,-,-,-,-,II_WEA_CHEE_BAREM,1667,1,1,-
-,-,-,-,-,-,-,II_WEA_WAN_FIRE,1667,1,1,-
-,-,-,-,-,-,-,II_WEA_STA_FLAM,1667,1,1,-
-,-,-,-,-,-,-,II_WEA_KNU_PAIPOL,1666,1,1,-
-,-,-,-,-,-,-,II_WEA_AXE_DRAKHAN,1666,1,1,-
17,49,59,2010-03-03 10:00,3000-01-01 12:00,-,-,-,-,-,-,-
-,-,-,-,-,WEAPON,4,-,-,-,-,-
-,-,-,-,-,-,-,II_WEA_SWO_SWD45,1250,1,1,-
-,-,-,-,-,-,-,II_WEA_AXE_AXE45,1250,1,1,-
-,-,-,-,-,-,-,II_WEA_KNU_KNU45,1250,1,1,-
-,-,-,-,-,-,-,II_WEA_YOY_YOY45,1250,1,1,-
-,-,-,-,-,-,-,II_WEA_BOW_BOW45,1250,1,1,-
-,-,-,-,-,-,-,II_WEA_CHEE_CHE45,1250,1,1,-
-,-,-,-,-,-,-,II_WEA_WAN_WAN45,1250,1,1,-
-,-,-,-,-,-,-,II_WEA_STA_STA45,1250,1,1,-
18,50,57,2010-03-03 10:00,3000-01-01 12:00,-,-,-,-,-,-,-
-,-,-,-,-,WEAPON,370,-,-,-,-,-
-,-,-,-,-,-,-,II_WEA_SWO_INVADER,625,1,1,-
-,-,-,-,-,-,-,II_WEA_SWO_STITCH,625,1,1,-
-,-,-,-,-,-,-,II_WEA_AXE_RAPTOR,625,1,1,-
-,-,-,-,-,-,-,II_WEA_AXE_BERK,625,1,1,-
-,-,-,-,-,-,-,II_WEA_CHEE_MIRTH,625,1,1,-
-,-,-,-,-,-,-,II_WEA_CHEE_SIZZLE,625,1,1,-
-,-,-,-,-,-,-,II_WEA_WAN_NAZ,625,1,1,-
-,-,-,-,-,-,-,II_WEA_WAN_ZEREM,625,1,1,-
-,-,-,-,-,-,-,II_WEA_STA_SLINE,625,1,1,-
-,-,-,-,-,-,-,II_WEA_STA_STARWHEEL,625,1,1,-
-,-,-,-,-,-,-,II_WEA_KNU_REVENANT,625,1,1,-
-,-,-,-,-,-,-,II_WEA_KNU_MARVEL,625,1,1,-
-,-,-,-,-,-,-,II_WEA_YOY_FIREE,625,1,1,-
-,-,-,-,-,-,-,II_WEA_YOY_IMMOTE,625,1,1,-
-,-,-,-,-,-,-,II_WEA_BOW_CURUSI,625,1,1,-
-,-,-,-,-,-,-,II_WEA_BOW_SIGGER,625,1,1,-
19,53,58,2010-03-03 10:00,3000-01-01 12:00,-,-,-,-,-,-,-
-,-,-,-,-,WEAPON,20,-,-,-,-,-
-,-,-,-,-,-,-,II_WEA_SWO_KARMEL,1667,1,1,-
-,-,-,-,-,-,-,II_WEA_CHEE_BOSL,1667,1,1,-
-,-,-,-,-,-,-,II_WEA_WAN_SAINT,1667,1,1,-
-,-,-,-,-,-,-,II_WEA_STA_VENHILL,1667,1,1,-
-,-,-,-,-,-,-,II_WEA_KNU_APPEL,1666,1,1,-
-,-,-,-,-,-,-,II_WEA_AXE_FRENETIC,1666,1,1,-
20,58,62,2010-03-03 10:00,3000-01-01 12:00,-,-,-,-,-,-,-
-,-,-,-,-,ETC,350,-,-,-,-,-
-,-,-,-,-,-,-,II_WEA_SWO_MULTIBLADE,625,1,1,-
-,-,-,-,-,-,-,II_WEA_SWO_PANGGRIL,625,1,1,-
-,-,-,-,-,-,-,II_WEA_AXE_ARDALIN,625,1,1,-
-,-,-,-,-,-,-,II_WEA_AXE_DOLPHIN,625,1,1,-
-,-,-,-,-,-,-,II_WEA_CHEE_SEALINE,625,1,1,-
-,-,-,-,-,-,-,II_WEA_CHEE_PINACLE,625,1,1,-
-,-,-,-,-,-,-,II_WEA_WAN_BLUEBOW,625,1,1,-
-,-,-,-,-,-,-,II_WEA_WAN_SPLHAIL,625,1,1,-
-,-,-,-,-,-,-,II_WEA_STA_KARZAM,625,1,1,-
-,-,-,-,-,-,-,II_WEA_STA_ASTROL,625,1,1,-
-,-,-,-,-,-,-,II_WEA_KNU_OVERPASS,625,1,1,-
-,-,-,-,-,-,-,II_WEA_KNU_GRAVITY,625,1,1,-
-,-,-,-,-,-,-,II_WEA_YOY_STENCI,625,1,1,-
-,-,-,-,-,-,-,II_WEA_YOY_REPOYI,625,1,1,-
-,-,-,-,-,-,-,II_WEA_BOW_FULLAR,625,1,1,-
-,-,-,-,-,-,-,II_WEA_BOW_SETIEN,625,1,1,-
21,62,65,2010-03-03 10:00,3000-01-01 12:00,-,-,-,-,-,-,-
-,-,-,-,-,WEAPON,350,-,-,-,-,-
-,-,-,-,-,-,-,II_WEA_AXT_TWOHAN,5000,1,1,-
-,-,-,-,-,-,-,II_WEA_SWT_BASTAR,5000,1,1,-
22,55,66,2010-03-03 10:00,3000-01-01 12:00,-,-,-,-,-,-,-
-,-,-,-,-,ETC,20,-,-,-,-,-
-,-,-,-,-,-,-,II_WEA_SWO_SPARKLING,1667,1,1,-
-,-,-,-,-,-,-,II_WEA_CHEE_HYPER,1667,1,1,-
-,-,-,-,-,-,-,II_WEA_WAN_RUNE,1667,1,1,-
-,-,-,-,-,-,-,II_WEA_STA_SEGE,1667,1,1,-
-,-,-,-,-,-,-,II_WEA_KNU_ZIKMOON,1666,1,1,-
-,-,-,-,-,-,-,II_WEA_AXE_CRITIN,1666,1,1,-
23,67,70,2010-03-03 10:00,3000-01-01 12:00,-,-,-,-,-,-,-
-,-,-,-,-,WEAPON,300,-,-,-,-,-
-,-,-,-,-,-,-,II_WEA_AXE_BONEBAR,1250,1,1,-
-,-,-,-,-,-,-,II_WEA_BOW_VARIFE,1250,1,1,-
-,-,-,-,-,-,-,II_WEA_CHEE_RAVE,1250,1,1,-
-,-,-,-,-,-,-,II_WEA_KNU_COREAN,1250,1,1,-
-,-,-,-,-,-,-,II_WEA_STA_SHEIKANE,1250,1,1,-
-,-,-,-,-,-,-,II_WEA_SWO_CARNAGE,1250,1,1,-
-,-,-,-,-,-,-,II_WEA_WAN_MIRAGE,1250,1,1,-
-,-,-,-,-,-,-,II_WEA_YOY_GELOND,1250,1,1,-
24,67,71,2010-03-03 10:00,3000-01-01 12:00,-,-,-,-,-,-,-
-,-,-,-,-,WEAPON,300,-,-,-,-,-
-,-,-,-,-,-,-,II_WEA_AXT_GREATA,5000,1,1,-
-,-,-,-,-,-,-,II_WEA_SWT_TWOHAN,5000,1,1,-
25,64,74,2010-03-03 10:00,3000-01-01 12:00,-,-,-,-,-,-,-
-,-,-,-,-,RARE,3,-,-,-,-,-
-,-,-,-,-,-,-,II_WEA_SWO_SUHO,1000,1,1,-
-,-,-,-,-,-,-,II_WEA_SWT_SUHO,1000,1,1,-
-,-,-,-,-,-,-,II_WEA_AXE_SUHO,1000,1,1,-
-,-,-,-,-,-,-,II_WEA_AXT_SUHO,1000,1,1,-
-,-,-,-,-,-,-,II_WEA_KNU_SUHO,1000,1,1,-
-,-,-,-,-,-,-,II_WEA_CHE_SUHO,1000,1,1,-
-,-,-,-,-,-,-,II_WEA_WAN_SUHO,1000,1,1,-
-,-,-,-,-,-,-,II_WEA_STA_SUHO,1000,1,1,-
-,-,-,-,-,-,-,II_WEA_BOW_SUHO,1000,1,1,-
-,-,-,-,-,-,-,II_WEA_YOY_SUHO,1000,1,1,-
26,72,76,2010-03-03 10:00,3000-01-01 12:00,-,-,-,-,-,-,-
-,-,-,-,-,WEAPON,280,-,-,-,-,-
-,-,-,-,-,-,-,II_WEA_AXE_LUXIOR,1000,1,1,-
-,-,-,-,-,-,-,II_WEA_AXT_KERGNI,1000,1,1,-
-,-,-,-,-,-,-,II_WEA_BOW_DEFNAN,1000,1,1,-
-,-,-,-,-,-,-,II_WEA_CHEE_FANTA,1000,1,1,-
-,-,-,-,-,-,-,II_WEA_KNU_FISTOMBER,1000,1,1,-
-,-,-,-,-,-,-,II_WEA_STA_TWENKEEN,1000,1,1,-
-,-,-,-,-,-,-,II_WEA_SWO_JANITOR,1000,1,1,-
-,-,-,-,-,-,-,II_WEA_SWT_DARKON,1000,1,1,-
-,-,-,-,-,-,-,II_WEA_WAN_ARIS,1000,1,1,-
-,-,-,-,-,-,-,II_WEA_YOY_WINGFU,1000,1,1,-
27,77,81,2010-03-03 10:00,3000-01-01 12:00,-,-,-,-,-,-,-
-,-,-,-,-,WEAPON,260,-,-,-,-,-
-,-,-,-,-,-,-,II_WEA_AXE_EXHOUST,1000,1,1,-
-,-,-,-,-,-,-,II_WEA_AXT_LURKNI,1000,1,1,-
-,-,-,-,-,-,-,II_WEA_BOW_HYDRON,1000,1,1,-
-,-,-,-,-,-,-,II_WEA_CHEE_MORALEMINE,1000,1,1,-
-,-,-,-,-,-,-,II_WEA_KNU_EDOREN,1000,1,1,-
-,-,-,-,-,-,-,II_WEA_STA_RUOFL,1000,1,1,-
-,-,-,-,-,-,-,II_WEA_SWO_BLUEJADE,1000,1,1,-
-,-,-,-,-,-,-,II_WEA_SWT_ADAPTI,1000,1,1,-
-,-,-,-,-,-,-,II_WEA_WAN_MOIRA,1000,1,1,-
-,-,-,-,-,-,-,II_WEA_YOY_ANAKUN,1000,1,1,-
28,82,86,2010-03-03 10:00,3000-01-01 12:00,-,-,-,-,-,-,-
-,-,-,-,-,WEAPON,240,-,-,-,-,-
-,-,-,-,-,-,-,II_WEA_AXE_SHAKYFIN,1000,1,1,-
-,-,-,-,-,-,-,II_WEA_AXT_AVNITI,1000,1,1,-
-,-,-,-,-,-,-,II_WEA_BOW_CENATI,1000,1,1,-
-,-,-,-,-,-,-,II_WEA_CHEE_SHINEWING,1000,1,1,-
-,-,-,-,-,-,-,II_WEA_KNU_SKELLOCK,1000,1,1,-
-,-,-,-,-,-,-,II_WEA_STA_FEATHERWING,1000,1,1,-
-,-,-,-,-,-,-,II_WEA_SWO_ZEROTH,1000,1,1,-
-,-,-,-,-,-,-,II_WEA_SWT_ZWEIGA,1000,1,1,-
-,-,-,-,-,-,-,II_WEA_WAN_ARCADIA,1000,1,1,-
-,-,-,-,-,-,-,II_WEA_YOY_CIRCER,1000,1,1,-
29,79,89,2010-03-03 10:00,3000-01-01 12:00,-,-,-,-,-,-,-
-,-,-,-,-,RARE,3,-,-,-,-,-
-,-,-,-,-,-,-,II_WEA_SWO_USU,1000,1,1,-
-,-,-,-,-,-,-,II_WEA_SWT_USU,1000,1,1,-
-,-,-,-,-,-,-,II_WEA_AXE_USU,1000,1,1,-
-,-,-,-,-,-,-,II_WEA_AXT_USU,1000,1,1,-
-,-,-,-,-,-,-,II_WEA_KNU_USU,1000,1,1,-
-,-,-,-,-,-,-,II_WEA_CHE_USU,1000,1,1,-
-,-,-,-,-,-,-,II_WEA_WAN_USU,1000,1,1,-
-,-,-,-,-,-,-,II_WEA_STA_USU,1000,1,1,-
-,-,-,-,-,-,-,II_WEA_BOW_USU,1000,1,1,-
-,-,-,-,-,-,-,II_WEA_YOY_USU,1000,1,1,-
30,87,91,2010-03-03 10:00,3000-01-01 12:00,-,-,-,-,-,-,-
-,-,-,-,-,WEAPON,220,-,-,-,-,-
-,-,-,-,-,-,-,II_WEA_AXE_HITCH,1000,1,1,-
-,-,-,-,-,-,-,II_WEA_AXT_KANAIN,1000,1,1,-
-,-,-,-,-,-,-,II_WEA_BOW_CYRON,1000,1,1,-
-,-,-,-,-,-,-,II_WEA_CHEE_SHALOW,1000,1,1,-
-,-,-,-,-,-,-,II_WEA_KNU_GOLDROSS,1000,1,1,-
-,-,-,-,-,-,-,II_WEA_STA_HOLYOUS,1000,1,1,-
-,-,-,-,-,-,-,II_WEA_SWO_EMERYL,1000,1,1,-
-,-,-,-,-,-,-,II_WEA_SWT_KALEON,1000,1,1,-
-,-,-,-,-,-,-,II_WEA_WAN_TARIS,1000,1,1,-
-,-,-,-,-,-,-,II_WEA_YOY_MISHEN,1000,1,1,-
31,92,96,2010-03-03 10:00,3000-01-01 12:00,-,-,-,-,-,-,-
-,-,-,-,-,WEAPON,200,-,-,-,-,-
-,-,-,-,-,-,-,II_WEA_AXE_CATCHY,1000,1,1,-
-,-,-,-,-,-,-,II_WEA_AXT_ORCANI,1000,1,1,-
-,-,-,-,-,-,-,II_WEA_BOW_SIONIC,1000,1,1,-
-,-,-,-,-,-,-,II_WEA_CHEE_PREDE,1000,1,1,-
-,-,-,-,-,-,-,II_WEA_KNU_BLESEVER,1000,1,1,-
-,-,-,-,-,-,-,II_WEA_STA_PORTEL,1000,1,1,-
-,-,-,-,-,-,-,II_WEA_SWO_CHAINSING,1000,1,1,-
-,-,-,-,-,-,-,II_WEA_SWT_GOOTNI,1000,1,1,-
-,-,-,-,-,-,-,II_WEA_WAN_JALATE,1000,1,1,-
-,-,-,-,-,-,-,II_WEA_YOY_SLINFE,1000,1,1,-
32,94,104,2010-03-03 10:00,3000-01-01 12:00,-,-,-,-,-,-,-
-,-,-,-,-,RARE,2,-,-,-,-,-
-,-,-,-,-,-,-,II_WEA_SWO_ANGEL,1000,1,1,-
-,-,-,-,-,-,-,II_WEA_SWT_ANGEL,1000,1,1,-
-,-,-,-,-,-,-,II_WEA_AXE_ANGEL,1000,1,1,-
-,-,-,-,-,-,-,II_WEA_AXT_ANGEL,1000,1,1,-
-,-,-,-,-,-,-,II_WEA_KNU_ANGEL,1000,1,1,-
-,-,-,-,-,-,-,II_WEA_CHE_ANGEL,1000,1,1,-
-,-,-,-,-,-,-,II_WEA_WAN_ANGEL,1000,1,1,-
-,-,-,-,-,-,-,II_WEA_STA_ANGEL,1000,1,1,-
-,-,-,-,-,-,-,II_WEA_BOW_ANGEL,1000,1,1,-
-,-,-,-,-,-,-,II_WEA_YOY_ANGEL,1000,1,1,-
33,97,101,2010-03-03 10:00,3000-01-01 12:00,-,-,-,-,-,-,-
-,-,-,-,-,WEAPON,150,-,-,-,-,-
-,-,-,-,-,-,-,II_WEA_AXE_FELLPEED,1000,1,1,-
-,-,-,-,-,-,-,II_WEA_AXT_LINITI,1000,1,1,-
-,-,-,-,-,-,-,II_WEA_BOW_REGEN,1000,1,1,-
-,-,-,-,-,-,-,II_WEA_CHEE_LEOSS,1000,1,1,-
-,-,-,-,-,-,-,II_WEA_KNU_MUNCUTO,1000,1,1,-
-,-,-,-,-,-,-,II_WEA_STA_MARINER,1000,1,1,-
-,-,-,-,-,-,-,II_WEA_SWO_HARPION,1000,1,1,-
-,-,-,-,-,-,-,II_WEA_SWT_HAUNTI,1000,1,1,-
-,-,-,-,-,-,-,II_WEA_WAN_KRORIL,1000,1,1,-
-,-,-,-,-,-,-,II_WEA_YOY_AKANE,1000,1,1,-
34,102,111,2010-03-03 10:00,3000-01-01 12:00,-,-,-,-,-,-,-
-,-,-,-,-,WEAPON,100,-,-,-,-,-
-,-,-,-,-,-,-,II_WEA_AXE_DARCRO,1000,1,1,-
-,-,-,-,-,-,-,II_WEA_AXE_HARDIN,1000,1,1,-
-,-,-,-,-,-,-,II_WEA_BOW_FIONT,1000,1,1,-
-,-,-,-,-,-,-,II_WEA_CHEE_FORLAS,1000,1,1,-
-,-,-,-,-,-,-,II_WEA_KNU_FEDERHOM,1000,1,1,-
-,-,-,-,-,-,-,II_WEA_STA_REMODIC,1000,1,1,-
-,-,-,-,-,-,-,II_WEA_SWO_SMITER,1000,1,1,-
-,-,-,-,-,-,-,II_WEA_SWT_CLOCKS,1000,1,1,-
-,-,-,-,-,-,-,II_WEA_WAN_REKIS,1000,1,1,-
-,-,-,-,-,-,-,II_WEA_YOY_CLANTO,1000,1,1,-
35,112,121,2010-03-03 10:00,3000-01-01 12:00,-,-,-,-,-,-,-
-,-,-,-,-,WEAPON,80,-,-,-,-,-
-,-,-,-,-,-,-,II_WEA_AXE_WATURAN,1000,1,1,-
-,-,-,-,-,-,-,II_WEA_BOW_BROUTO,1000,1,1,-
-,-,-,-,-,-,-,II_WEA_CHEE_SHAIT,1000,1,1,-
-,-,-,-,-,-,-,II_WEA_KNU_KNIGHTEEL,1000,1,1,-
-,-,-,-,-,-,-,II_WEA_STA_ELFYREN,1000,1,1,-
-,-,-,-,-,-,-,II_WEA_SWO_SHADEVING,1000,1,1,-
-,-,-,-,-,-,-,II_WEA_WAN_DARIS,1000,1,1,-
-,-,-,-,-,-,-,II_WEA_YOY_ENAPHO,1000,1,1,-
-,-,-,-,-,-,-,II_WEA_SWT_PEACE,1000,1,1,-
-,-,-,-,-,-,-,II_WEA_AXT_PEACE,1000,1,1,-
36,109,119,2010-03-03 10:00,3000-01-01 12:00,-,-,-,-,-,-,-
-,-,-,-,-,RARE,2,-,-,-,-,-
-,-,-,-,-,-,-,II_WEA_SWO_LEAGENDG,1000,1,1,-
-,-,-,-,-,-,-,II_WEA_SWT_LEAGENDG,1000,1,1,-
-,-,-,-,-,-,-,II_WEA_AXE_LEAGENDG,1000,1,1,-
-,-,-,-,-,-,-,II_WEA_AXT_LEAGENDG,1000,1,1,-
-,-,-,-,-,-,-,II_WEA_KNU_LEAGENDG,1000,1,1,-
-,-,-,-,-,-,-,II_WEA_CHE_LEAGENDG,1000,1,1,-
-,-,-,-,-,-,-,II_WEA_WAN_LEAGENDG,1000,1,1,-
-,-,-,-,-,-,-,II_WEA_STA_LEAGENDG,1000,1,1,-
-,-,-,-,-,-,-,II_WEA_BOW_LEAGENDG,1000,1,1,-
-,-,-,-,-,-,-,II_WEA_YOY_LEAGENDG,1000,1,1,-
37,122,160,2010-03-03 10:00,3000-01-01 12:00,-,-,-,-,-,-,-
-,-,-,-,-,WEAPON,60,-,-,-,-,-
-,-,-,-,-,-,-,II_WEA_AXE_LICHIKY,1000,1,1,-
-,-,-,-,-,-,-,II_WEA_BOW_SEVOY,1000,1,1,-
-,-,-,-,-,-,-,II_WEA_CHEE_GARLAIN,1000,1,1,-
-,-,-,-,-,-,-,II_WEA_KNU_LORDORBL,1000,1,1,-
-,-,-,-,-,-,-,II_WEA_STA_FOSHARPEN,1000,1,1,-
-,-,-,-,-,-,-,II_WEA_SWO_HOTTER,1000,1,1,-
-,-,-,-,-,-,-,II_WEA_WAN_LORAI,1000,1,1,-
-,-,-,-,-,-,-,II_WEA_YOY_CORONE,1000,1,1,-
-,-,-,-,-,-,-,II_WEA_SWT_LASTER,1000,1,1,-
-,-,-,-,-,-,-,II_WEA_AXT_LASTER,1000,1,1,-
38,5,14,2010-03-03 10:00,3000-01-01 12:00,-,-,-,-,-,-,-
-,-,-,-,-,ARMOR,10,-,-,-,-,-
-,-,-,-,-,-,-,II_ARM_ARM_SHI_LIGHT,10000,1,1,-
39,15,29,2010-03-03 10:00,3000-01-01 12:00,-,-,-,-,-,-,-
-,-,-,-,-,ARMOR,10,-,-,-,-,-
-,-,-,-,-,-,-,II_ARM_ARM_SHI_BATTLE,10000,1,1,-
40,30,42,2010-03-03 10:00,3000-01-01 12:00,-,-,-,-,-,-,-
-,-,-,-,-,ARMOR,10,-,-,-,-,-
-,-,-,-,-,-,-,II_ARM_ARM_SHI_FURY,10000,1,1,-
41,43,59,2010-03-03 10:00,3000-01-01 12:00,-,-,-,-,-,-,-
-,-,-,-,-,ARMOR,10,-,-,-,-,-
-,-,-,-,-,-,-,II_ARM_ARM_SHI_HEAVY,10000,1,1,-
42,60,79,2010-03-03 10:00,3000-01-01 12:00,-,-,-,-,-,-,-
-,-,-,-,-,ARMOR,10,-,-,-,-,-
-,-,-,-,-,-,-,II_ARM_ARM_SHI_AVALON,10000,1,1,-
43,80,110,2010-03-03 10:00,3000-01-01 12:00,-,-,-,-,-,-,-
-,-,-,-,-,ARMOR,10,-,-,-,-,-
-,-,-,-,-,-,-,II_ARM_ARM_SHI_ANCIENT,10000,1,1,-
44,1,4,2010-03-03 10:00,3000-01-01 12:00,-,-,-,-,-,-,-
-,-,-,-,-,ARMOR,900,-,-,-,-,-
-,-,-,-,-,-,-,II_ARM_M_VAG_BOOTS01,1667,1,1,-
-,-,-,-,-,-,-,II_ARM_F_VAG_BOOTS01,1667,1,1,-
-,-,-,-,-,-,-,II_ARM_M_VAG_GAUNTLET01,1667,1,1,-
-,-,-,-,-,-,-,II_ARM_F_VAG_GAUNTLET01,1667,1,1,-
-,-,-,-,-,-,-,II_ARM_M_VAG_SUIT01,1666,1,1,-
-,-,-,-,-,-,-,II_ARM_F_VAG_SUIT01,1666,1,1,-
45,5,6,2010-03-03 10:00,3000-01-01 12:00,-,-,-,-,-,-,-
-,-,-,-,-,ARMOR,800,-,-,-,-,-
-,-,-,-,-,-,-,II_ARM_M_VAG_BOOTS01,667,1,1,-
-,-,-,-,-,-,-,II_ARM_M_VAG_BOOTS02,667,1,1,-
-,-,-,-,-,-,-,II_ARM_F_VAG_BOOTS01,667,1,1,-
-,-,-,-,-,-,-,II_ARM_F_VAG_BOOTS02,667,1,1,-
-,-,-,-,-,-,-,II_ARM_M_VAG_GAUNTLET01,667,1,1,-
-,-,-,-,-,-,-,II_ARM_M_VAG_GAUNTLET02,667,1,1,-
-,-,-,-,-,-,-,II_ARM_F_VAG_GAUNTLET01,667,1,1,-
-,-,-,-,-,-,-,II_ARM_F_VAG_GAUNTLET02,667,1,1,-
-,-,-,-,-,-,-,II_ARM_M_VAG_HELMET02,667,1,1,-
-,-,-,-,-,-,-,II_ARM_F_VAG_HELMET02,667,1,1,-
-,-,-,-,-,-,-,II_ARM_M_VAG_SUIT01,666,1,1,-
-,-,-,-,-,-,-,II_ARM_M_VAG_SUIT02,666,1,1,-
-,-,-,-,-,-,-,II_ARM_F_VAG_SUIT01,666,1,1,-
-,-,-,-,-,-,-,II_ARM_F_VAG_SUIT02,666,1,1,-
-,-,-,-,-,-,-,II_ARM_ARM_SHI_GREEN,666,1,1,-
46,7,10,2010-03-03 10:00,3000-01-01 12:00,-,-,-,-,-,-,-
-,-,-,-,-,ARMOR,700,-,-,-,-,-
-,-,-,-,-,-,-,II_ARM_M_VAG_BOOTS02,1112,1,1,-
-,-,-,-,-,-,-,II_ARM_F_VAG_BOOTS02,1111,1,1,-
-,-,-,-,-,-,-,II_ARM_M_VAG_GAUNTLET02,1111,1,1,-
-,-,-,-,-,-,-,II_ARM_F_VAG_GAUNTLET02,1111,1,1,-
-,-,-,-,-,-,-,II_ARM_M_VAG_HELMET02,1111,1,1,-
-,-,-,-,-,-,-,II_ARM_F_VAG_HELMET02,1111,1,1,-
-,-,-,-,-,-,-,II_ARM_M_VAG_SUIT02,1111,1,1,-
-,-,-,-,-,-,-,II_ARM_F_VAG_SUIT02,1111,1,1,-
-,-,-,-,-,-,-,II_ARM_ARM_SHI_GREEN,1111,1,1,-
47,11,16,2010-03-03 10:00,3000-01-01 12:00,-,-,-,-,-,-,-
-,-,-,-,-,ARMOR,600,-,-,-,-,-
-,-,-,-,-,-,-,II_ARM_M_VAG_BOOTS03,1112,1,1,-
-,-,-,-,-,-,-,II_ARM_F_VAG_BOOTS03,1111,1,1,-
-,-,-,-,-,-,-,II_ARM_M_VAG_GAUNTLET03,1111,1,1,-
-,-,-,-,-,-,-,II_ARM_F_VAG_GAUNTLET03,1111,1,1,-
-,-,-,-,-,-,-,II_ARM_M_VAG_HELMET03,1111,1,1,-
-,-,-,-,-,-,-,II_ARM_F_VAG_HELMET03,1111,1,1,-
-,-,-,-,-,-,-,II_ARM_M_VAG_SUIT03,1111,1,1,-
-,-,-,-,-,-,-,II_ARM_F_VAG_SUIT03,1111,1,1,-
-,-,-,-,-,-,-,II_ARM_ARM_SHI_ROUND,1111,1,1,-
48,7,14,2010-03-03 10:00,3000-01-01 12:00,-,-,-,-,-,-,-
-,-,-,-,-,ARMOR,50,-,-,-,-,-
-,-,-,-,-,-,-,II_ARM_M_VAG_HELMET04,1250,1,1,-
-,-,-,-,-,-,-,II_ARM_M_VAG_SUIT04,1250,1,1,-
-,-,-,-,-,-,-,II_ARM_M_VAG_GAUNTLET04,1250,1,1,-
-,-,-,-,-,-,-,II_ARM_M_VAG_BOOTS04,1250,1,1,-
-,-,-,-,-,-,-,II_ARM_F_VAG_HELMET04,1250,1,1,-
-,-,-,-,-,-,-,II_ARM_F_VAG_SUIT04,1250,1,1,-
-,-,-,-,-,-,-,II_ARM_F_VAG_GAUNTLET04,1250,1,1,-
-,-,-,-,-,-,-,II_ARM_F_VAG_BOOTS04,1250,1,1,-
49,17,25,2010-03-03 10:00,3000-01-01 12:00,-,-,-,-,-,-,-
-,-,-,-,-,ARMOR,500,-,-,-,-,-
-,-,-,-,-,-,-,II_ARM_ARM_SHI_SENTINEL,304,1,1,-
-,-,-,-,-,-,-,II_ARM_M_MER_HELMET0101,303,1,1,-
-,-,-,-,-,-,-,II_ARM_F_MER_HELMET0101,303,1,1,-
-,-,-,-,-,-,-,II_ARM_M_ACR_HELMET0101,303,1,1,-
-,-,-,-,-,-,-,II_ARM_F_ACR_HELMET0101,303,1,1,-
-,-,-,-,-,-,-,II_ARM_M_ASS_HELMET0101,303,1,1,-
-,-,-,-,-,-,-,II_ARM_F_ASS_HELMET0101,303,1,1,-
-,-,-,-,-,-,-,II_ARM_M_MAG_HELMET0101,303,1,1,-
-,-,-,-,-,-,-,II_ARM_F_MAG_HELMET0101,303,1,1,-
-,-,-,-,-,-,-,II_ARM_M_MER_BOOTS0101,303,1,1,-
-,-,-,-,-,-,-,II_ARM_F_MER_BOOTS0101,303,1,1,-
-,-,-,-,-,-,-,II_ARM_M_ACR_BOOTS0101,303,1,1,-
-,-,-,-,-,-,-,II_ARM_F_ACR_BOOTS0101,303,1,1,-
-,-,-,-,-,-,-,II_ARM_M_ASS_BOOTS0101,303,1,1,-
-,-,-,-,-,-,-,II_ARM_F_ASS_BOOTS0101,303,1,1,-
-,-,-,-,-,-,-,II_ARM_M_MAG_BOOTS0101,303,1,1,-
-,-,-,-,-,-,-,II_ARM_F_MAG_BOOTS0101,303,1,1,-
-,-,-,-,-,-,-,II_ARM_M_MER_GAUNTLET0101,303,1,1,-
-,-,-,-,-,-,-,II_ARM_F_MER_GAUNTLET0101,303,1,1,-
-,-,-,-,-,-,-,II_ARM_M_ACR_GAUNTLET0101,303,1,1,-
-,-,-,-,-,-,-,II_ARM_F_ACR_GAUNTLET0101,303,1,1,-
-,-,-,-,-,-,-,II_ARM_M_ASS_GAUNTLET0101,303,1,1,-
-,-,-,-,-,-,-,II_ARM_F_ASS_GAUNTLET0101,303,1,1,-
-,-,-,-,-,-,-,II_ARM_M_MAG_GAUNTLET0101,303,1,1,-
-,-,-,-,-,-,-,II_ARM_F_MAG_GAUNTLET0101,303,1,1,-
-,-,-,-,-,-,-,II_ARM_M_MER_SUIT0101,303,1,1,-
-,-,-,-,-,-,-,II_ARM_F_MER_SUIT0101,303,1,1,-
-,-,-,-,-,-,-,II_ARM_M_ACR_SUIT0101,303,1,1,-
-,-,-,-,-,-,-,II_ARM_F_ACR_SUIT0101,303,1,1,-
-,-,-,-,-,-,-,II_ARM_M_ASS_SUIT0101,303,1,1,-
-,-,-,-,-,-,-,II_ARM_F_ASS_SUIT0101,303,1,1,-
-,-,-,-,-,-,-,II_ARM_M_MAG_SUIT0101,303,1,1,-
-,-,-,-,-,-,-,II_ARM_F_MAG_SUIT0101,303,1,1,-
50,20,34,2010-03-03 10:00,3000-01-01 12:00,-,-,-,-,-,-,-
-,-,-,-,-,ARMOR,50,-,-,-,-,-
-,-,-,-,-,-,-,II_ARM_F_MER_HELMET_SET_01,438,1,1,-
-,-,-,-,-,-,-,II_ARM_F_MER_SUIT_SET_01,125,1,1,-
-,-,-,-,-,-,-,II_ARM_F_MER_GAUNTLET_SET_01,250,1,1,-
-,-,-,-,-,-,-,II_ARM_F_MER_BOOTS_SET_01,437,1,1,-
-,-,-,-,-,-,-,II_ARM_M_MER_HELMET_SET_01,438,1,1,-
-,-,-,-,-,-,-,II_ARM_M_MER_SUIT_SET_01,125,1,1,-
-,-,-,-,-,-,-,II_ARM_M_MER_GAUNTLET_SET_01,250,1,1,-
-,-,-,-,-,-,-,II_ARM_M_MER_BOOTS_SET_01,437,1,1,-
-,-,-,-,-,-,-,II_ARM_F_ACR_HELMET_SET_01,438,1,1,-
-,-,-,-,-,-,-,II_ARM_F_ACR_SUIT_SET_01,125,1,1,-
-,-,-,-,-,-,-,II_ARM_F_ACR_GAUNTLET_SET_01,250,1,1,-
-,-,-,-,-,-,-,II_ARM_F_ACR_BOOTS_SET_01,437,1,1,-
-,-,-,-,-,-,-,II_ARM_M_ACR_HELMET_SET_01,438,1,1,-
-,-,-,-,-,-,-,II_ARM_M_ACR_SUIT_SET_01,125,1,1,-
-,-,-,-,-,-,-,II_ARM_M_ACR_GAUNTLET_SET_01,250,1,1,-
-,-,-,-,-,-,-,II_ARM_M_ACR_BOOTS_SET_01,437,1,1,-
-,-,-,-,-,-,-,II_ARM_F_ASS_HELMET_SET_01,438,1,1,-
-,-,-,-,-,-,-,II_ARM_F_ASS_SUIT_SET_01,125,1,1,-
-,-,-,-,-,-,-,II_ARM_F_ASS_GAUNTLET_SET_01,250,1,1,-
-,-,-,-,-,-,-,II_ARM_F_ASS_BOOTS_SET_01,437,1,1,-
-,-,-,-,-,-,-,II_ARM_M_ASS_HELMET_SET_01,438,1,1,-
-,-,-,-,-,-,-,II_ARM_M_ASS_SUIT_SET_01,125,1,1,-
-,-,-,-,-,-,-,II_ARM_M_ASS_GAUNTLET_SET_01,250,1,1,-
-,-,-,-,-,-,-,II_ARM_M_ASS_BOOTS_SET_01,437,1,1,-
-,-,-,-,-,-,-,II_ARM_F_MAG_HELMET_SET_01,438,1,1,-
-,-,-,-,-,-,-,II_ARM_F_MAG_SUIT_SET_01,125,1,1,-
-,-,-,-,-,-,-,II_ARM_F_MAG_GAUNTLET_SET_01,250,1,1,-
-,-,-,-,-,-,-,II_ARM_F_MAG_BOOTS_SET_01,437,1,1,-
-,-,-,-,-,-,-,II_ARM_M_MAG_HELMET_SET_01,438,1,1,-
-,-,-,-,-,-,-,II_ARM_M_MAG_SUIT_SET_01,125,1,1,-
-,-,-,-,-,-,-,II_ARM_M_MAG_GAUNTLET_SET_01,250,1,1,-
-,-,-,-,-,-,-,II_ARM_M_MAG_BOOTS_SET_01,437,1,1,-
51,26,34,2010-03-03 10:00,3000-01-01 12:00,-,-,-,-,-,-,-
-,-,-,-,-,ARMOR,400,-,-,-,-,-
-,-,-,-,-,-,-,II_ARM_M_MER_HELMET0201,304,1,1,-
-,-,-,-,-,-,-,II_ARM_F_MER_HELMET0201,303,1,1,-
-,-,-,-,-,-,-,II_ARM_M_ACR_HELMET0201,303,1,1,-
-,-,-,-,-,-,-,II_ARM_F_ACR_HELMET0201,303,1,1,-
-,-,-,-,-,-,-,II_ARM_M_ASS_HELMET0201,303,1,1,-
-,-,-,-,-,-,-,II_ARM_F_ASS_HELMET0201,303,1,1,-
-,-,-,-,-,-,-,II_ARM_M_MAG_HELMET0201,303,1,1,-
-,-,-,-,-,-,-,II_ARM_F_MAG_HELMET0201,303,1,1,-
-,-,-,-,-,-,-,II_ARM_M_MER_BOOTS0201,303,1,1,-
-,-,-,-,-,-,-,II_ARM_F_MER_BOOTS0201,303,1,1,-
-,-,-,-,-,-,-,II_ARM_M_ACR_BOOTS0201,303,1,1,-
-,-,-,-,-,-,-,II_ARM_F_ACR_BOOTS0201,303,1,1,-
-,-,-,-,-,-,-,II_ARM_M_ASS_BOOTS0201,303,1,1,-
-,-,-,-,-,-,-,II_ARM_F_ASS_BOOTS0201,303,1,1,-
-,-,-,-,-,-,-,II_ARM_M_MAG_BOOTS0201,303,1,1,-
-,-,-,-,-,-,-,II_ARM_F_MAG_BOOTS0201,303,1,1,-
-,-,-,-,-,-,-,II_ARM_M_MER_GAUNTLET0201,303,1,1,-
-,-,-,-,-,-,-,II_ARM_F_MER_GAUNTLET0201,303,1,1,-
-,-,-,-,-,-,-,II_ARM_M_ACR_GAUNTLET0201,303,1,1,-
-,-,-,-,-,-,-,II_ARM_F_ACR_GAUNTLET0201,303,1,1,-
-,-,-,-,-,-,-,II_ARM_M_ASS_GAUNTLET0201,303,1,1,-
-,-,-,-,-,-,-,II_ARM_F_ASS_GAUNTLET0201,303,1,1,-
-,-,-,-,-,-,-,II_ARM_M_MAG_GAUNTLET0201,303,1,1,-
-,-,-,-,-,-,-,II_ARM_F_MAG_GAUNTLET0201,303,1,1,-
-,-,-,-,-,-,-,II_ARM_M_MER_SUIT0201,303,1,1,-
-,-,-,-,-,-,-,II_ARM_F_MER_SUIT0201,303,1,1,-
-,-,-,-,-,-,-,II_ARM_M_ACR_SUIT0201,303,1,1,-
-,-,-,-,-,-,-,II_ARM_F_ACR_SUIT0201,303,1,1,-
-,-,-,-,-,-,-,II_ARM_M_ASS_SUIT0201,303,1,1,-
-,-,-,-,-,-,-,II_ARM_F_ASS_SUIT0201,303,1,1,-
-,-,-,-,-,-,-,II_ARM_M_MAG_SUIT0201,303,1,1,-
-,-,-,-,-,-,-,II_ARM_F_MAG_SUIT0201,303,1,1,-
-,-,-,-,-,-,-,II_ARM_ARM_SHI_SPARKLE,303,1,1,-
52,35,44,2010-03-03 10:00,3000-01-01 12:00,-,-,-,-,-,-,-
-,-,-,-,-,ARMOR,370,-,-,-,-,-
-,-,-,-,-,-,-,II_ARM_M_MER_HELMET0301,304,1,1,-
-,-,-,-,-,-,-,II_ARM_F_MER_HELMET0301,303,1,1,-
-,-,-,-,-,-,-,II_ARM_M_ACR_HELMET0301,303,1,1,-
-,-,-,-,-,-,-,II_ARM_F_ACR_HELMET0301,303,1,1,-
-,-,-,-,-,-,-,II_ARM_M_ASS_HELMET0301,303,1,1,-
-,-,-,-,-,-,-,II_ARM_F_ASS_HELMET0301,303,1,1,-
-,-,-,-,-,-,-,II_ARM_M_MAG_HELMET0301,303,1,1,-
-,-,-,-,-,-,-,II_ARM_F_MAG_HELMET0301,303,1,1,-
-,-,-,-,-,-,-,II_ARM_M_MER_BOOTS0301,303,1,1,-
-,-,-,-,-,-,-,II_ARM_F_MER_BOOTS0301,303,1,1,-
-,-,-,-,-,-,-,II_ARM_M_ACR_BOOTS0301,303,1,1,-
-,-,-,-,-,-,-,II_ARM_F_ACR_BOOTS0301,303,1,1,-
-,-,-,-,-,-,-,II_ARM_M_ASS_BOOTS0301,303,1,1,-
-,-,-,-,-,-,-,II_ARM_F_ASS_BOOTS0301,303,1,1,-
-,-,-,-,-,-,-,II_ARM_M_MAG_BOOTS0301,303,1,1,-
-,-,-,-,-,-,-,II_ARM_F_MAG_BOOTS0301,303,1,1,-
-,-,-,-,-,-,-,II_ARM_M_MER_GAUNTLET0301,303,1,1,-
-,-,-,-,-,-,-,II_ARM_F_MER_GAUNTLET0301,303,1,1,-
-,-,-,-,-,-,-,II_ARM_M_ACR_GAUNTLET0301,303,1,1,-
-,-,-,-,-,-,-,II_ARM_F_ACR_GAUNTLET0301,303,1,1,-
-,-,-,-,-,-,-,II_ARM_M_ASS_GAUNTLET0301,303,1,1,-
-,-,-,-,-,-,-,II_ARM_F_ASS_GAUNTLET0301,303,1,1,-
-,-,-,-,-,-,-,II_ARM_M_MAG_GAUNTLET0301,303,1,1,-
-,-,-,-,-,-,-,II_ARM_F_MAG_GAUNTLET0301,303,1,1,-
-,-,-,-,-,-,-,II_ARM_M_MER_SUIT0301,303,1,1,-
-,-,-,-,-,-,-,II_ARM_F_MER_SUIT0301,303,1,1,-
-,-,-,-,-,-,-,II_ARM_M_ACR_SUIT0301,303,1,1,-
-,-,-,-,-,-,-,II_ARM_F_ACR_SUIT0301,303,1,1,-
-,-,-,-,-,-,-,II_ARM_M_ASS_SUIT0301,303,1,1,-
-,-,-,-,-,-,-,II_ARM_F_ASS_SUIT0301,303,1,1,-
-,-,-,-,-,-,-,II_ARM_M_MAG_SUIT0301,303,1,1,-
-,-,-,-,-,-,-,II_ARM_F_MAG_SUIT0301,303,1,1,-
-,-,-,-,-,-,-,II_ARM_ARM_SHI_SHURAIN,303,1,1,-
53,35,49,2010-03-03 10:00,3000-01-01 12:00,-,-,-,-,-,-,-
-,-,-,-,-,ARMOR,50,-,-,-,-,-
-,-,-,-,-,-,-,II_ARM_F_MER_HELMET_SET_02,438,1,1,-
-,-,-,-,-,-,-,II_ARM_F_MER_SUIT_SET_02,125,1,1,-
-,-,-,-,-,-,-,II_ARM_F_MER_GAUNTLET_SET_02,250,1,1,-
-,-,-,-,-,-,-,II_ARM_F_MER_BOOTS_SET_02,437,1,1,-
-,-,-,-,-,-,-,II_ARM_M_MER_HELMET_SET_02,438,1,1,-
-,-,-,-,-,-,-,II_ARM_M_MER_SUIT_SET_02,125,1,1,-
-,-,-,-,-,-,-,II_ARM_M_MER_GAUNTLET_SET_02,250,1,1,-
-,-,-,-,-,-,-,II_ARM_M_MER_BOOTS_SET_02,437,1,1,-
-,-,-,-,-,-,-,II_ARM_F_ACR_HELMET_SET_02,438,1,1,-
-,-,-,-,-,-,-,II_ARM_F_ACR_SUIT_SET_02,125,1,1,-
-,-,-,-,-,-,-,II_ARM_F_ACR_GAUNTLET_SET_02,250,1,1,-
-,-,-,-,-,-,-,II_ARM_F_ACR_BOOTS_SET_02,437,1,1,-
-,-,-,-,-,-,-,II_ARM_M_ACR_HELMET_SET_02,438,1,1,-
-,-,-,-,-,-,-,II_ARM_M_ACR_SUIT_SET_02,125,1,1,-
-,-,-,-,-,-,-,II_ARM_M_ACR_GAUNTLET_SET_02,250,1,1,-
-,-,-,-,-,-,-,II_ARM_M_ACR_BOOTS_SET_02,437,1,1,-
-,-,-,-,-,-,-,II_ARM_F_ASS_HELMET_SET_02,438,1,1,-
-,-,-,-,-,-,-,II_ARM_F_ASS_SUIT_SET_02,125,1,1,-
-,-,-,-,-,-,-,II_ARM_F_ASS_GAUNTLET_SET_02,250,1,1,-
-,-,-,-,-,-,-,II_ARM_F_ASS_BOOTS_SET_02,437,1,1,-
-,-,-,-,-,-,-,II_ARM_M_ASS_HELMET_SET_02,438,1,1,-
-,-,-,-,-,-,-,II_ARM_M_ASS_SUIT_SET_02,125,1,1,-
-,-,-,-,-,-,-,II_ARM_M_ASS_GAUNTLET_SET_02,250,1,1,-
-,-,-,-,-,-,-,II_ARM_M_ASS_BOOTS_SET_02,437,1,1,-
-,-,-,-,-,-,-,II_ARM_F_MAG_HELMET_SET_02,438,1,1,-
-,-,-,-,-,-,-,II_ARM_F_MAG_SUIT_SET_02,125,1,1,-
-,-,-,-,-,-,-,II_ARM_F_MAG_GAUNTLET_SET_02,250,1,1,-
-,-,-,-,-,-,-,II_ARM_F_MAG_BOOTS_SET_02,437,1,1,-
-,-,-,-,-,-,-,II_ARM_M_MAG_HELMET_SET_02,438,1,1,-
-,-,-,-,-,-,-,II_ARM_M_MAG_SUIT_SET_02,125,1,1,-
-,-,-,-,-,-,-,II_ARM_M_MAG_GAUNTLET_SET_02,250,1,1,-
-,-,-,-,-,-,-,II_ARM_M_MAG_BOOTS_SET_02,437,1,1,-
54,45,54,2010-03-03 10:00,3000-01-01 12:00,-,-,-,-,-,-,-
-,-,-,-,-,ARMOR,340,-,-,-,-,-
-,-,-,-,-,-,-,II_ARM_M_MER_HELMET0401,286,1,1,-
-,-,-,-,-,-,-,II_ARM_F_MER_HELMET0401,286,1,1,-
-,-,-,-,-,-,-,II_ARM_M_ACR_HELMET0401,286,1,1,-
-,-,-,-,-,-,-,II_ARM_F_ACR_HELMET0401,286,1,1,-
-,-,-,-,-,-,-,II_ARM_M_ASS_HELMET0401,286,1,1,-
-,-,-,-,-,-,-,II_ARM_F_ASS_HELMET0401,286,1,1,-
-,-,-,-,-,-,-,II_ARM_M_MAG_HELMET0401,286,1,1,-
-,-,-,-,-,-,-,II_ARM_F_MAG_HELMET0401,286,1,1,-
-,-,-,-,-,-,-,II_ARM_M_MER_BOOTS0401,286,1,1,-
-,-,-,-,-,-,-,II_ARM_F_MER_BOOTS0401,286,1,1,-
-,-,-,-,-,-,-,II_ARM_M_ACR_BOOTS0401,286,1,1,-
-,-,-,-,-,-,-,II_ARM_F_ACR_BOOTS0401,286,1,1,-
-,-,-,-,-,-,-,II_ARM_M_ASS_BOOTS0401,286,1,1,-
-,-,-,-,-,-,-,II_ARM_F_ASS_BOOTS0401,286,1,1,-
-,-,-,-,-,-,-,II_ARM_M_MAG_BOOTS0401,286,1,1,-
-,-,-,-,-,-,-,II_ARM_F_MAG_BOOTS0401,286,1,1,-
-,-,-,-,-,-,-,II_ARM_ARM_SHI_VORTEX,286,1,1,-
-,-,-,-,-,-,-,II_ARM_M_MER_GAUNTLET0401,286,1,1,-
-,-,-,-,-,-,-,II_ARM_F_MER_GAUNTLET0401,286,1,1,-
-,-,-,-,-,-,-,II_ARM_M_ACR_GAUNTLET0401,286,1,1,-
-,-,-,-,-,-,-,II_ARM_F_ACR_GAUNTLET0401,286,1,1,-
-,-,-,-,-,-,-,II_ARM_M_ASS_GAUNTLET0401,286,1,1,-
-,-,-,-,-,-,-,II_ARM_F_ASS_GAUNTLET0401,286,1,1,-
-,-,-,-,-,-,-,II_ARM_M_MAG_GAUNTLET0401,286,1,1,-
-,-,-,-,-,-,-,II_ARM_F_MAG_GAUNTLET0401,286,1,1,-
-,-,-,-,-,-,-,II_ARM_M_MER_SUIT0401,285,1,1,-
-,-,-,-,-,-,-,II_ARM_F_MER_SUIT0401,285,1,1,-
-,-,-,-,-,-,-,II_ARM_M_ACR_SUIT0401,285,1,1,-
-,-,-,-,-,-,-,II_ARM_F_ACR_SUIT0401,285,1,1,-
-,-,-,-,-,-,-,II_ARM_M_ASS_SUIT0401,285,1,1,-
-,-,-,-,-,-,-,II_ARM_F_ASS_SUIT0401,285,1,1,-
-,-,-,-,-,-,-,II_ARM_M_MAG_SUIT0401,285,1,1,-
-,-,-,-,-,-,-,II_ARM_F_MAG_SUIT0401,285,1,1,-
-,-,-,-,-,-,-,II_ARM_ARM_SHI_GYRO,285,1,1,-
-,-,-,-,-,-,-,II_ARM_ARM_SHI_VORTEX,285,1,1,-
55,55,60,2010-03-03 10:00,3000-01-01 12:00,-,-,-,-,-,-,-
-,-,-,-,-,ARMOR,310,-,-,-,-,-
-,-,-,-,-,-,-,II_ARM_M_MER_HELMET06,271,1,1,-
-,-,-,-,-,-,-,II_ARM_F_MER_HELMET06,271,1,1,-
-,-,-,-,-,-,-,II_ARM_M_ACR_HELMET06,271,1,1,-
-,-,-,-,-,-,-,II_ARM_F_ACR_HELMET06,271,1,1,-
-,-,-,-,-,-,-,II_ARM_M_ASS_HELMET06,271,1,1,-
-,-,-,-,-,-,-,II_ARM_F_ASS_HELMET06,271,1,1,-
-,-,-,-,-,-,-,II_ARM_M_MAG_HELMET06,271,1,1,-
-,-,-,-,-,-,-,II_ARM_F_MAG_HELMET06,271,1,1,-
-,-,-,-,-,-,-,II_ARM_M_MER_BOOTS06,271,1,1,-
-,-,-,-,-,-,-,II_ARM_F_MER_BOOTS06,271,1,1,-
-,-,-,-,-,-,-,II_ARM_M_ACR_BOOTS06,270,1,1,-
-,-,-,-,-,-,-,II_ARM_F_ACR_BOOTS06,270,1,1,-
-,-,-,-,-,-,-,II_ARM_M_ASS_BOOTS06,270,1,1,-
-,-,-,-,-,-,-,II_ARM_F_ASS_BOOTS06,270,1,1,-
-,-,-,-,-,-,-,II_ARM_M_MAG_BOOTS06,270,1,1,-
-,-,-,-,-,-,-,II_ARM_F_MAG_BOOTS06,270,1,1,-
-,-,-,-,-,-,-,II_ARM_ARM_SHI_PLATE,270,1,1,-
-,-,-,-,-,-,-,II_ARM_M_MER_GAUNTLET06,270,1,1,-
-,-,-,-,-,-,-,II_ARM_F_MER_GAUNTLET06,270,1,1,-
-,-,-,-,-,-,-,II_ARM_M_ACR_GAUNTLET06,270,1,1,-
-,-,-,-,-,-,-,II_ARM_F_ACR_GAUNTLET06,270,1,1,-
-,-,-,-,-,-,-,II_ARM_M_ASS_GAUNTLET06,270,1,1,-
-,-,-,-,-,-,-,II_ARM_F_ASS_GAUNTLET06,270,1,1,-
-,-,-,-,-,-,-,II_ARM_M_MAG_GAUNTLET06,270,1,1,-
-,-,-,-,-,-,-,II_ARM_F_MAG_GAUNTLET06,270,1,1,-
-,-,-,-,-,-,-,II_ARM_M_MER_SUIT06,270,1,1,-
-,-,-,-,-,-,-,II_ARM_F_MER_SUIT06,270,1,1,-
-,-,-,-,-,-,-,II_ARM_M_ACR_SUIT06,270,1,1,-
-,-,-,-,-,-,-,II_ARM_F_ACR_SUIT06,270,1,1,-
-,-,-,-,-,-,-,II_ARM_M_ASS_SUIT06,270,1,1,-
-,-,-,-,-,-,-,II_ARM_F_ASS_SUIT06,270,1,1,-
-,-,-,-,-,-,-,II_ARM_M_MAG_SUIT06,270,1,1,-
-,-,-,-,-,-,-,II_ARM_F_MAG_SUIT06,270,1,1,-
-,-,-,-,-,-,-,II_ARM_ARM_SHI_PLUS,270,1,1,-
-,-,-,-,-,-,-,II_ARM_ARM_SHI_PLATE,270,1,1,-
-,-,-,-,-,-,-,II_ARM_M_MER_HELMET06,270,1,1,-
-,-,-,-,-,-,-,II_ARM_ARM_SHI_KITE,270,1,1,-
56,50,64,2010-03-03 10:00,3000-01-01 12:00,-,-,-,-,-,-,-
-,-,-,-,-,ARMOR,50,-,-,-,-,-
-,-,-,-,-,-,-,II_ARM_F_MER_HELMET_SET_03,438,1,1,-
-,-,-,-,-,-,-,II_ARM_F_MER_SUIT_SET_03,125,1,1,-
-,-,-,-,-,-,-,II_ARM_F_MER_GAUNTLET_SET_03,250,1,1,-
-,-,-,-,-,-,-,II_ARM_F_MER_BOOTS_SET_03,437,1,1,-
-,-,-,-,-,-,-,II_ARM_M_MER_HELMET_SET_03,438,1,1,-
-,-,-,-,-,-,-,II_ARM_M_MER_SUIT_SET_03,125,1,1,-
-,-,-,-,-,-,-,II_ARM_M_MER_GAUNTLET_SET_03,250,1,1,-
-,-,-,-,-,-,-,II_ARM_M_MER_BOOTS_SET_03,437,1,1,-
-,-,-,-,-,-,-,II_ARM_F_ACR_HELMET_SET_03,438,1,1,-
-,-,-,-,-,-,-,II_ARM_F_ACR_SUIT_SET_03,125,1,1,-
-,-,-,-,-,-,-,II_ARM_F_ACR_GAUNTLET_SET_03,250,1,1,-
-,-,-,-,-,-,-,II_ARM_F_ACR_BOOTS_SET_03,437,1,1,-
-,-,-,-,-,-,-,II_ARM_M_ACR_HELMET_SET_03,438,1,1,-
-,-,-,-,-,-,-,II_ARM_M_ACR_SUIT_SET_03,125,1,1,-
-,-,-,-,-,-,-,II_ARM_M_ACR_GAUNTLET_SET_03,250,1,1,-
-,-,-,-,-,-,-,II_ARM_M_ACR_BOOTS_SET_03,437,1,1,-
-,-,-,-,-,-,-,II_ARM_F_ASS_HELMET_SET_03,438,1,1,-
-,-,-,-,-,-,-,II_ARM_F_ASS_SUIT_SET_03,125,1,1,-
-,-,-,-,-,-,-,II_ARM_F_ASS_GAUNTLET_SET_03,250,1,1,-
-,-,-,-,-,-,-,II_ARM_F_ASS_BOOTS_SET_03,437,1,1,-
-,-,-,-,-,-,-,II_ARM_M_ASS_HELMET_SET_03,438,1,1,-
-,-,-,-,-,-,-,II_ARM_M_ASS_SUIT_SET_03,125,1,1,-
-,-,-,-,-,-,-,II_ARM_M_ASS_GAUNTLET_SET_03,250,1,1,-
-,-,-,-,-,-,-,II_ARM_M_ASS_BOOTS_SET_03,437,1,1,-
-,-,-,-,-,-,-,II_ARM_F_MAG_HELMET_SET_03,438,1,1,-
-,-,-,-,-,-,-,II_ARM_F_MAG_SUIT_SET_03,125,1,1,-
-,-,-,-,-,-,-,II_ARM_F_MAG_GAUNTLET_SET_03,250,1,1,-
-,-,-,-,-,-,-,II_ARM_F_MAG_BOOTS_SET_03,437,1,1,-
-,-,-,-,-,-,-,II_ARM_M_MAG_HELMET_SET_03,438,1,1,-
-,-,-,-,-,-,-,II_ARM_M_MAG_SUIT_SET_03,125,1,1,-
-,-,-,-,-,-,-,II_ARM_M_MAG_GAUNTLET_SET_03,250,1,1,-
-,-,-,-,-,-,-,II_ARM_M_MAG_BOOTS_SET_03,437,1,1,-
57,61,64,2010-03-03 10:00,3000-01-01 12:00,-,-,-,-,-,-,-
-,-,-,-,-,ARMOR,280,-,-,-,-,-
-,-,-,-,-,-,-,II_ARM_M_MER_HELMET08,78,1,1,-
-,-,-,-,-,-,-,II_ARM_M_MER_HELMET10,78,1,1,-
-,-,-,-,-,-,-,II_ARM_M_KIN_HELMET02,78,1,1,-
-,-,-,-,-,-,-,II_ARM_M_BLA_HELMET02,78,1,1,-
-,-,-,-,-,-,-,II_ARM_F_MER_HELMET08,78,1,1,-
-,-,-,-,-,-,-,II_ARM_F_MER_HELMET10,78,1,1,-
-,-,-,-,-,-,-,II_ARM_F_KIN_HELMET02,78,1,1,-
-,-,-,-,-,-,-,II_ARM_F_BLA_HELMET02,78,1,1,-
-,-,-,-,-,-,-,II_ARM_M_ACR_HELMET08,78,1,1,-
-,-,-,-,-,-,-,II_ARM_M_ACR_HELMET10,78,1,1,-
-,-,-,-,-,-,-,II_ARM_M_JST_HELMET02,78,1,1,-
-,-,-,-,-,-,-,II_ARM_M_RAG_HELMET02,78,1,1,-
-,-,-,-,-,-,-,II_ARM_F_ACR_HELMET08,78,1,1,-
-,-,-,-,-,-,-,II_ARM_F_ACR_HELMET10,78,1,1,-
-,-,-,-,-,-,-,II_ARM_F_JST_HELMET02,78,1,1,-
-,-,-,-,-,-,-,II_ARM_F_RAG_HELMET02,78,1,1,-
-,-,-,-,-,-,-,II_ARM_M_ASS_HELMET08,78,1,1,-
-,-,-,-,-,-,-,II_ARM_M_ASS_HELMET10,78,1,1,-
-,-,-,-,-,-,-,II_ARM_M_RIN_HELMET02,78,1,1,-
-,-,-,-,-,-,-,II_ARM_M_BIL_HELMET02,78,1,1,-
-,-,-,-,-,-,-,II_ARM_F_ASS_HELMET08,78,1,1,-
-,-,-,-,-,-,-,II_ARM_F_ASS_HELMET10,78,1,1,-
-,-,-,-,-,-,-,II_ARM_F_RIN_HELMET02,78,1,1,-
-,-,-,-,-,-,-,II_ARM_F_BIL_HELMET02,78,1,1,-
-,-,-,-,-,-,-,II_ARM_M_MAG_HELMET08,78,1,1,-
-,-,-,-,-,-,-,II_ARM_M_MAG_HELMET10,78,1,1,-
-,-,-,-,-,-,-,II_ARM_M_PSY_HELMET02,78,1,1,-
-,-,-,-,-,-,-,II_ARM_M_ELE_HELMET02,78,1,1,-
-,-,-,-,-,-,-,II_ARM_F_MAG_HELMET08,78,1,1,-
-,-,-,-,-,-,-,II_ARM_F_MAG_HELMET10,78,1,1,-
-,-,-,-,-,-,-,II_ARM_F_PSY_HELMET02,78,1,1,-
-,-,-,-,-,-,-,II_ARM_F_ELE_HELMET02,78,1,1,-
-,-,-,-,-,-,-,II_ARM_M_MER_BOOTS08,78,1,1,-
-,-,-,-,-,-,-,II_ARM_M_MER_BOOTS10,78,1,1,-
-,-,-,-,-,-,-,II_ARM_M_KIN_BOOTS02,78,1,1,-
-,-,-,-,-,-,-,II_ARM_M_BLA_BOOTS02,78,1,1,-
-,-,-,-,-,-,-,II_ARM_F_MER_BOOTS08,78,1,1,-
-,-,-,-,-,-,-,II_ARM_F_MER_BOOTS10,78,1,1,-
-,-,-,-,-,-,-,II_ARM_F_KIN_BOOTS02,78,1,1,-
-,-,-,-,-,-,-,II_ARM_F_BLA_BOOTS02,78,1,1,-
-,-,-,-,-,-,-,II_ARM_M_ACR_BOOTS08,78,1,1,-
-,-,-,-,-,-,-,II_ARM_M_ACR_BOOTS10,78,1,1,-
-,-,-,-,-,-,-,II_ARM_M_JST_BOOTS02,78,1,1,-
-,-,-,-,-,-,-,II_ARM_M_RAG_BOOTS02,78,1,1,-
-,-,-,-,-,-,-,II_ARM_F_ACR_BOOTS08,78,1,1,-
-,-,-,-,-,-,-,II_ARM_F_ACR_BOOTS10,78,1,1,-
-,-,-,-,-,-,-,II_ARM_F_JST_BOOTS02,78,1,1,-
-,-,-,-,-,-,-,II_ARM_F_RAG_BOOTS02,78,1,1,-
-,-,-,-,-,-,-,II_ARM_M_ASS_BOOTS08,78,1,1,-
-,-,-,-,-,-,-,II_ARM_M_ASS_BOOTS10,78,1,1,-
-,-,-,-,-,-,-,II_ARM_M_RIN_BOOTS02,78,1,1,-
-,-,-,-,-,-,-,II_ARM_M_BIL_BOOTS02,78,1,1,-
-,-,-,-,-,-,-,II_ARM_F_ASS_BOOTS08,78,1,1,-
-,-,-,-,-,-,-,II_ARM_F_ASS_BOOTS10,78,1,1,-
-,-,-,-,-,-,-,II_ARM_F_RIN_BOOTS02,78,1,1,-
-,-,-,-,-,-,-,II_ARM_F_BIL_BOOTS02,78,1,1,-
-,-,-,-,-,-,-,II_ARM_M_MAG_BOOTS08,78,1,1,-
-,-,-,-,-,-,-,II_ARM_M_MAG_BOOTS10,78,1,1,-
-,-,-,-,-,-,-,II_ARM_M_PSY_BOOTS02,78,1,1,-
-,-,-,-,-,-,-,II_ARM_M_ELE_BOOTS02,78,1,1,-
-,-,-,-,-,-,-,II_ARM_F_MAG_BOOTS08,78,1,1,-
-,-,-,-,-,-,-,II_ARM_F_MAG_BOOTS10,78,1,1,-
-,-,-,-,-,-,-,II_ARM_F_PSY_BOOTS02,78,1,1,-
-,-,-,-,-,-,-,II_ARM_F_ELE_BOOTS02,78,1,1,-
-,-,-,-,-,-,-,II_ARM_ARM_SHI_KITE,78,1,1,-
-,-,-,-,-,-,-,II_ARM_M_MER_GAUNTLET08,78,1,1,-
-,-,-,-,-,-,-,II_ARM_M_MER_GAUNTLET10,78,1,1,-
-,-,-,-,-,-,-,II_ARM_M_KIN_GAUNTLET02,77,1,1,-
-,-,-,-,-,-,-,II_ARM_M_BLA_GAUNTLET02,77,1,1,-
-,-,-,-,-,-,-,II_ARM_F_MER_GAUNTLET08,77,1,1,-
-,-,-,-,-,-,-,II_ARM_F_MER_GAUNTLET10,77,1,1,-
-,-,-,-,-,-,-,II_ARM_F_KIN_GAUNTLET02,77,1,1,-
-,-,-,-,-,-,-,II_ARM_F_BLA_GAUNTLET02,77,1,1,-
-,-,-,-,-,-,-,II_ARM_M_ACR_GAUNTLET08,77,1,1,-
-,-,-,-,-,-,-,II_ARM_M_ACR_GAUNTLET10,77,1,1,-
-,-,-,-,-,-,-,II_ARM_M_JST_GAUNTLET02,77,1,1,-
-,-,-,-,-,-,-,II_ARM_M_RAG_GAUNTLET02,77,1,1,-
-,-,-,-,-,-,-,II_ARM_F_ACR_GAUNTLET08,77,1,1,-
-,-,-,-,-,-,-,II_ARM_F_ACR_GAUNTLET10,77,1,1,-
-,-,-,-,-,-,-,II_ARM_F_JST_GAUNTLET02,77,1,1,-
-,-,-,-,-,-,-,II_ARM_F_RAG_GAUNTLET02,77,1,1,-
-,-,-,-,-,-,-,II_ARM_M_ASS_GAUNTLET08,77,1,1,-
-,-,-,-,-,-,-,II_ARM_M_ASS_GAUNTLET10,77,1,1,-
-,-,-,-,-,-,-,II_ARM_M_RIN_GAUNTLET02,77,1,1,-
-,-,-,-,-,-,-,II_ARM_M_BIL_GAUNTLET02,77,1,1,-
-,-,-,-,-,-,-,II_ARM_F_ASS_GAUNTLET08,77,1,1,-
-,-,-,-,-,-,-,II_ARM_F_ASS_GAUNTLET10,77,1,1,-
-,-,-,-,-,-,-,II_ARM_F_RIN_GAUNTLET02,77,1,1,-
-,-,-,-,-,-,-,II_ARM_F_BIL_GAUNTLET02,77,1,1,-
-,-,-,-,-,-,-,II_ARM_M_MAG_GAUNTLET08,77,1,1,-
-,-,-,-,-,-,-,II_ARM_M_MAG_GAUNTLET10,77,1,1,-
-,-,-,-,-,-,-,II_ARM_M_PSY_GAUNTLET02,77,1,1,-
-,-,-,-,-,-,-,II_ARM_M_ELE_GAUNTLET02,77,1,1,-
-,-,-,-,-,-,-,II_ARM_F_MAG_GAUNTLET08,77,1,1,-
-,-,-,-,-,-,-,II_ARM_F_MAG_GAUNTLET10,77,1,1,-
-,-,-,-,-,-,-,II_ARM_F_PSY_GAUNTLET02,77,1,1,-
-,-,-,-,-,-,-,II_ARM_F_ELE_GAUNTLET02,77,1,1,-
-,-,-,-,-,-,-,II_ARM_M_MER_SUIT08,77,1,1,-
-,-,-,-,-,-,-,II_ARM_M_MER_SUIT10,77,1,1,-
-,-,-,-,-,-,-,II_ARM_M_KIN_SUIT02,77,1,1,-
-,-,-,-,-,-,-,II_ARM_M_BLA_SUIT02,77,1,1,-
-,-,-,-,-,-,-,II_ARM_F_MER_SUIT08,77,1,1,-
-,-,-,-,-,-,-,II_ARM_F_MER_SUIT10,77,1,1,-
-,-,-,-,-,-,-,II_ARM_F_KIN_SUIT02,77,1,1,-
-,-,-,-,-,-,-,II_ARM_F_BLA_SUIT02,77,1,1,-
-,-,-,-,-,-,-,II_ARM_M_ACR_SUIT08,77,1,1,-
-,-,-,-,-,-,-,II_ARM_M_ACR_SUIT10,77,1,1,-
-,-,-,-,-,-,-,II_ARM_M_JST_SUIT02,77,1,1,-
-,-,-,-,-,-,-,II_ARM_M_RAG_SUIT02,77,1,1,-
-,-,-,-,-,-,-,II_ARM_F_ACR_SUIT08,77,1,1,-
-,-,-,-,-,-,-,II_ARM_F_ACR_SUIT10,77,1,1,-
-,-,-,-,-,-,-,II_ARM_F_JST_SUIT02,77,1,1,-
-,-,-,-,-,-,-,II_ARM_F_RAG_SUIT02,77,1,1,-
-,-,-,-,-,-,-,II_ARM_M_ASS_SUIT08,77,1,1,-
-,-,-,-,-,-,-,II_ARM_M_ASS_SUIT10,77,1,1,-
-,-,-,-,-,-,-,II_ARM_M_RIN_SUIT02,77,1,1,-
-,-,-,-,-,-,-,II_ARM_M_BIL_SUIT02,77,1,1,-
-,-,-,-,-,-,-,II_ARM_F_ASS_SUIT08,77,1,1,-
-,-,-,-,-,-,-,II_ARM_F_ASS_SUIT10,77,1,1,-
-,-,-,-,-,-,-,II_ARM_F_RIN_SUIT02,77,1,1,-
-,-,-,-,-,-,-,II_ARM_F_BIL_SUIT02,77,1,1,-
-,-,-,-,-,-,-,II_ARM_M_MAG_SUIT08,77,1,1,-
-,-,-,-,-,-,-,II_ARM_M_MAG_SUIT10,77,1,1,-
-,-,-,-,-,-,-,II_ARM_M_PSY_SUIT02,77,1,1,-
-,-,-,-,-,-,-,II_ARM_M_ELE_SUIT02,77,1,1,-
-,-,-,-,-,-,-,II_ARM_F_MAG_SUIT08,77,1,1,-
-,-,-,-,-,-,-,II_ARM_F_MAG_SUIT10,77,1,1,-
-,-,-,-,-,-,-,II_ARM_F_PSY_SUIT02,77,1,1,-
-,-,-,-,-,-,-,II_ARM_F_ELE_SUIT02,77,1,1,-
58,65,72,2010-03-03 10:00,3000-01-01 12:00,-,-,-,-,-,-,-
-,-,-,-,-,ARMOR,250,-,-,-,-,-
-,-,-,-,-,-,-,II_ARM_M_MER_HELMET08,150,1,1,-
-,-,-,-,-,-,-,II_ARM_M_MER_HELMET10,150,1,1,-
-,-,-,-,-,-,-,II_ARM_F_MER_HELMET08,150,1,1,-
-,-,-,-,-,-,-,II_ARM_F_MER_HELMET10,150,1,1,-
-,-,-,-,-,-,-,II_ARM_M_ACR_HELMET08,150,1,1,-
-,-,-,-,-,-,-,II_ARM_M_ACR_HELMET10,150,1,1,-
-,-,-,-,-,-,-,II_ARM_F_ACR_HELMET08,150,1,1,-
-,-,-,-,-,-,-,II_ARM_F_ACR_HELMET10,150,1,1,-
-,-,-,-,-,-,-,II_ARM_M_ASS_HELMET08,150,1,1,-
-,-,-,-,-,-,-,II_ARM_M_ASS_HELMET10,150,1,1,-
-,-,-,-,-,-,-,II_ARM_F_ASS_HELMET08,150,1,1,-
-,-,-,-,-,-,-,II_ARM_F_ASS_HELMET10,150,1,1,-
-,-,-,-,-,-,-,II_ARM_M_MAG_HELMET08,150,1,1,-
-,-,-,-,-,-,-,II_ARM_M_MAG_HELMET10,150,1,1,-
-,-,-,-,-,-,-,II_ARM_F_MAG_HELMET08,150,1,1,-
-,-,-,-,-,-,-,II_ARM_F_MAG_HELMET10,150,1,1,-
-,-,-,-,-,-,-,II_ARM_M_MER_BOOTS08,150,1,1,-
-,-,-,-,-,-,-,II_ARM_M_MER_BOOTS10,149,1,1,-
-,-,-,-,-,-,-,II_ARM_F_MER_BOOTS08,149,1,1,-
-,-,-,-,-,-,-,II_ARM_F_MER_BOOTS10,149,1,1,-
-,-,-,-,-,-,-,II_ARM_M_ACR_BOOTS08,149,1,1,-
-,-,-,-,-,-,-,II_ARM_M_ACR_BOOTS10,149,1,1,-
-,-,-,-,-,-,-,II_ARM_F_ACR_BOOTS08,149,1,1,-
-,-,-,-,-,-,-,II_ARM_F_ACR_BOOTS10,149,1,1,-
-,-,-,-,-,-,-,II_ARM_M_ASS_BOOTS08,149,1,1,-
-,-,-,-,-,-,-,II_ARM_M_ASS_BOOTS10,149,1,1,-
-,-,-,-,-,-,-,II_ARM_F_ASS_BOOTS08,149,1,1,-
-,-,-,-,-,-,-,II_ARM_F_ASS_BOOTS10,149,1,1,-
-,-,-,-,-,-,-,II_ARM_M_MAG_BOOTS08,149,1,1,-
-,-,-,-,-,-,-,II_ARM_M_MAG_BOOTS10,149,1,1,-
-,-,-,-,-,-,-,II_ARM_F_MAG_BOOTS08,149,1,1,-
-,-,-,-,-,-,-,II_ARM_F_MAG_BOOTS10,149,1,1,-
-,-,-,-,-,-,-,II_ARM_M_MER_GAUNTLET08,149,1,1,-
-,-,-,-,-,-,-,II_ARM_M_MER_GAUNTLET10,149,1,1,-
-,-,-,-,-,-,-,II_ARM_F_MER_GAUNTLET08,149,1,1,-
-,-,-,-,-,-,-,II_ARM_F_MER_GAUNTLET10,149,1,1,-
-,-,-,-,-,-,-,II_ARM_M_ACR_GAUNTLET08,149,1,1,-
-,-,-,-,-,-,-,II_ARM_M_ACR_GAUNTLET10,149,1,1,-
-,-,-,-,-,-,-,II_ARM_F_ACR_GAUNTLET08,149,1,1,-
-,-,-,-,-,-,-,II_ARM_F_ACR_GAUNTLET10,149,1,1,-
-,-,-,-,-,-,-,II_ARM_M_ASS_GAUNTLET08,149,1,1,-
-,-,-,-,-,-,-,II_ARM_M_ASS_GAUNTLET10,149,1,1,-
-,-,-,-,-,-,-,II_ARM_F_ASS_GAUNTLET08,149,1,1,-
-,-,-,-,-,-,-,II_ARM_F_ASS_GAUNTLET10,149,1,1,-
-,-,-,-,-,-,-,II_ARM_M_MAG_GAUNTLET08,149,1,1,-
-,-,-,-,-,-,-,II_ARM_M_MAG_GAUNTLET10,149,1,1,-
-,-,-,-,-,-,-,II_ARM_F_MAG_GAUNTLET08,149,1,1,-
-,-,-,-,-,-,-,II_ARM_F_MAG_GAUNTLET10,149,1,1,-
-,-,-,-,-,-,-,II_ARM_M_MER_SUIT08,149,1,1,-
-,-,-,-,-,-,-,II_ARM_M_MER_SUIT10,149,1,1,-
-,-,-,-,-,-,-,II_ARM_F_MER_SUIT08,149,1,1,-
-,-,-,-,-,-,-,II_ARM_F_MER_SUIT10,149,1,1,-
-,-,-,-,-,-,-,II_ARM_M_ACR_SUIT08,149,1,1,-
-,-,-,-,-,-,-,II_ARM_M_ACR_SUIT10,149,1,1,-
-,-,-,-,-,-,-,II_ARM_F_ACR_SUIT08,149,1,1,-
-,-,-,-,-,-,-,II_ARM_F_ACR_SUIT10,149,1,1,-
-,-,-,-,-,-,-,II_ARM_M_ASS_SUIT08,149,1,1,-
-,-,-,-,-,-,-,II_ARM_M_ASS_SUIT10,149,1,1,-
-,-,-,-,-,-,-,II_ARM_F_ASS_SUIT08,149,1,1,-
-,-,-,-,-,-,-,II_ARM_F_ASS_SUIT10,149,1,1,-
-,-,-,-,-,-,-,II_ARM_M_MAG_SUIT08,149,1,1,-
-,-,-,-,-,-,-,II_ARM_M_MAG_SUIT10,149,1,1,-
-,-,-,-,-,-,-,II_ARM_F_MAG_SUIT08,149,1,1,-
-,-,-,-,-,-,-,II_ARM_F_MAG_SUIT10,149,1,1,-
-,-,-,-,-,-,-,II_ARM_ARM_SHI_ASTER,149,1,1,-
-,-,-,-,-,-,-,II_ARM_ARM_SHI_ASTER,149,1,1,-
-,-,-,-,-,-,-,II_ARM_ARM_SHI_COMET,149,1,1,-
59,65,79,2010-03-03 10:00,3000-01-01 12:00,-,-,-,-,-,-,-
-,-,-,-,-,ARMOR,50,-,-,-,-,-
-,-,-,-,-,-,-,II_ARM_F_MER_HELMET_SET_04,438,1,1,-
-,-,-,-,-,-,-,II_ARM_F_MER_SUIT_SET_04,125,1,1,-
-,-,-,-,-,-,-,II_ARM_F_MER_GAUNTLET_SET_04,250,1,1,-
-,-,-,-,-,-,-,II_ARM_F_MER_BOOTS_SET_04,437,1,1,-
-,-,-,-,-,-,-,II_ARM_M_MER_HELMET_SET_04,438,1,1,-
-,-,-,-,-,-,-,II_ARM_M_MER_SUIT_SET_04,125,1,1,-
-,-,-,-,-,-,-,II_ARM_M_MER_GAUNTLET_SET_04,250,1,1,-
-,-,-,-,-,-,-,II_ARM_M_MER_BOOTS_SET_04,437,1,1,-
-,-,-,-,-,-,-,II_ARM_F_ACR_HELMET_SET_05,438,1,1,-
-,-,-,-,-,-,-,II_ARM_F_ACR_SUIT_SET_05,125,1,1,-
-,-,-,-,-,-,-,II_ARM_F_ACR_GAUNTLET_SET_05,250,1,1,-
-,-,-,-,-,-,-,II_ARM_F_ACR_BOOTS_SET_05,437,1,1,-
-,-,-,-,-,-,-,II_ARM_M_ACR_HELMET_SET_05,438,1,1,-
-,-,-,-,-,-,-,II_ARM_M_ACR_SUIT_SET_05,125,1,1,-
-,-,-,-,-,-,-,II_ARM_M_ACR_GAUNTLET_SET_05,250,1,1,-
-,-,-,-,-,-,-,II_ARM_M_ACR_BOOTS_SET_05,437,1,1,-
-,-,-,-,-,-,-,II_ARM_F_ASS_HELMET_SET_06,438,1,1,-
-,-,-,-,-,-,-,II_ARM_F_ASS_SUIT_SET_06,125,1,1,-
-,-,-,-,-,-,-,II_ARM_F_ASS_GAUNTLET_SET_06,250,1,1,-
-,-,-,-,-,-,-,II_ARM_F_ASS_BOOTS_SET_06,437,1,1,-
-,-,-,-,-,-,-,II_ARM_M_ASS_HELMET_SET_06,438,1,1,-
-,-,-,-,-,-,-,II_ARM_M_ASS_SUIT_SET_06,125,1,1,-
-,-,-,-,-,-,-,II_ARM_M_ASS_GAUNTLET_SET_06,250,1,1,-
-,-,-,-,-,-,-,II_ARM_M_ASS_BOOTS_SET_06,437,1,1,-
-,-,-,-,-,-,-,II_ARM_F_MAG_HELMET_SET_07,438,1,1,-
-,-,-,-,-,-,-,II_ARM_F_MAG_SUIT_SET_07,125,1,1,-
-,-,-,-,-,-,-,II_ARM_F_MAG_GAUNTLET_SET_07,250,1,1,-
-,-,-,-,-,-,-,II_ARM_F_MAG_BOOTS_SET_07,437,1,1,-
-,-,-,-,-,-,-,II_ARM_M_MAG_HELMET_SET_07,438,1,1,-
-,-,-,-,-,-,-,II_ARM_M_MAG_SUIT_SET_07,125,1,1,-
-,-,-,-,-,-,-,II_ARM_M_MAG_GAUNTLET_SET_07,250,1,1,-
-,-,-,-,-,-,-,II_ARM_M_MAG_BOOTS_SET_07,437,1,1,-
60,73,84,2010-03-03 10:00,3000-01-01 12:00,-,-,-,-,-,-,-
-,-,-,-,-,ARMOR,220,-,-,-,-,-
-,-,-,-,-,-,-,II_ARM_ARM_SHI_COMET,154,1,1,-
-,-,-,-,-,-,-,II_ARM_M_KIN_HELMET04,154,1,1,-
-,-,-,-,-,-,-,II_ARM_M_BLA_HELMET04,154,1,1,-
-,-,-,-,-,-,-,II_ARM_F_KIN_HELMET04,154,1,1,-
-,-,-,-,-,-,-,II_ARM_F_BLA_HELMET04,154,1,1,-
-,-,-,-,-,-,-,II_ARM_M_JST_HELMET04,154,1,1,-
-,-,-,-,-,-,-,II_ARM_M_RAG_HELMET04,154,1,1,-
-,-,-,-,-,-,-,II_ARM_F_JST_HELMET04,154,1,1,-
-,-,-,-,-,-,-,II_ARM_F_RAG_HELMET04,154,1,1,-
-,-,-,-,-,-,-,II_ARM_M_RIN_HELMET04,154,1,1,-
-,-,-,-,-,-,-,II_ARM_M_BIL_HELMET04,154,1,1,-
-,-,-,-,-,-,-,II_ARM_F_RIN_HELMET04,154,1,1,-
-,-,-,-,-,-,-,II_ARM_F_BIL_HELMET04,154,1,1,-
-,-,-,-,-,-,-,II_ARM_M_PSY_HELMET04,154,1,1,-
-,-,-,-,-,-,-,II_ARM_M_ELE_HELMET04,154,1,1,-
-,-,-,-,-,-,-,II_ARM_F_PSY_HELMET04,154,1,1,-
-,-,-,-,-,-,-,II_ARM_F_ELE_HELMET04,154,1,1,-
-,-,-,-,-,-,-,II_ARM_M_KIN_BOOTS04,154,1,1,-
-,-,-,-,-,-,-,II_ARM_M_BLA_BOOTS04,154,1,1,-
-,-,-,-,-,-,-,II_ARM_F_KIN_BOOTS04,154,1,1,-
-,-,-,-,-,-,-,II_ARM_F_BLA_BOOTS04,154,1,1,-
-,-,-,-,-,-,-,II_ARM_M_JST_BOOTS04,154,1,1,-
-,-,-,-,-,-,-,II_ARM_M_RAG_BOOTS04,154,1,1,-
-,-,-,-,-,-,-,II_ARM_F_JST_BOOTS04,154,1,1,-
-,-,-,-,-,-,-,II_ARM_F_RAG_BOOTS04,154,1,1,-
-,-,-,-,-,-,-,II_ARM_M_RIN_BOOTS04,154,1,1,-
-,-,-,-,-,-,-,II_ARM_M_BIL_BOOTS04,154,1,1,-
-,-,-,-,-,-,-,II_ARM_F_RIN_BOOTS04,154,1,1,-
-,-,-,-,-,-,-,II_ARM_F_BIL_BOOTS04,154,1,1,-
-,-,-,-,-,-,-,II_ARM_M_PSY_BOOTS04,154,1,1,-
-,-,-,-,-,-,-,II_ARM_M_ELE_BOOTS04,154,1,1,-
-,-,-,-,-,-,-,II_ARM_F_PSY_BOOTS04,154,1,1,-
-,-,-,-,-,-,-,II_ARM_F_ELE_BOOTS04,154,1,1,-
-,-,-,-,-,-,-,II_ARM_M_KIN_GAUNTLET04,154,1,1,-
-,-,-,-,-,-,-,II_ARM_M_BLA_GAUNTLET04,154,1,1,-
-,-,-,-,-,-,-,II_ARM_F_KIN_GAUNTLET04,154,1,1,-
-,-,-,-,-,-,-,II_ARM_F_BLA_GAUNTLET04,154,1,1,-
-,-,-,-,-,-,-,II_ARM_M_JST_GAUNTLET04,154,1,1,-
-,-,-,-,-,-,-,II_ARM_M_RAG_GAUNTLET04,154,1,1,-
-,-,-,-,-,-,-,II_ARM_F_JST_GAUNTLET04,154,1,1,-
-,-,-,-,-,-,-,II_ARM_F_RAG_GAUNTLET04,154,1,1,-
-,-,-,-,-,-,-,II_ARM_M_RIN_GAUNTLET04,154,1,1,-
-,-,-,-,-,-,-,II_ARM_M_BIL_GAUNTLET04,154,1,1,-
-,-,-,-,-,-,-,II_ARM_F_RIN_GAUNTLET04,154,1,1,-
-,-,-,-,-,-,-,II_ARM_F_BIL_GAUNTLET04,154,1,1,-
-,-,-,-,-,-,-,II_ARM_M_PSY_GAUNTLET04,154,1,1,-
-,-,-,-,-,-,-,II_ARM_M_ELE_GAUNTLET04,154,1,1,-
-,-,-,-,-,-,-,II_ARM_F_PSY_GAUNTLET04,154,1,1,-
-,-,-,-,-,-,-,II_ARM_F_ELE_GAUNTLET04,154,1,1,-
-,-,-,-,-,-,-,II_ARM_M_KIN_SUIT04,154,1,1,-
-,-,-,-,-,-,-,II_ARM_M_BLA_SUIT04,154,1,1,-
-,-,-,-,-,-,-,II_ARM_F_KIN_SUIT04,154,1,1,-
-,-,-,-,-,-,-,II_ARM_F_BLA_SUIT04,154,1,1,-
-,-,-,-,-,-,-,II_ARM_M_JST_SUIT04,154,1,1,-
-,-,-,-,-,-,-,II_ARM_M_RAG_SUIT04,154,1,1,-
-,-,-,-,-,-,-,II_ARM_F_JST_SUIT04,153,1,1,-
-,-,-,-,-,-,-,II_ARM_F_RAG_SUIT04,153,1,1,-
-,-,-,-,-,-,-,II_ARM_M_RIN_SUIT04,153,1,1,-
-,-,-,-,-,-,-,II_ARM_M_BIL_SUIT04,153,1,1,-
-,-,-,-,-,-,-,II_ARM_F_RIN_SUIT04,153,1,1,-
-,-,-,-,-,-,-,II_ARM_F_BIL_SUIT04,153,1,1,-
-,-,-,-,-,-,-,II_ARM_M_PSY_SUIT04,153,1,1,-
-,-,-,-,-,-,-,II_ARM_M_ELE_SUIT04,153,1,1,-
-,-,-,-,-,-,-,II_ARM_F_PSY_SUIT04,153,1,1,-
-,-,-,-,-,-,-,II_ARM_F_ELE_SUIT04,153,1,1,-
61,80,94,2010-03-03 10:00,3000-01-01 12:00,-,-,-,-,-,-,-
-,-,-,-,-,ARMOR,50,-,-,-,-,-
-,-,-,-,-,-,-,II_ARM_F_KIN_HELMET_SET_08,219,1,1,-
-,-,-,-,-,-,-,II_ARM_F_KIN_SUIT_SET_08,62,1,1,-
-,-,-,-,-,-,-,II_ARM_F_KIN_GAUNTLET_SET_08,125,1,1,-
-,-,-,-,-,-,-,II_ARM_F_KIN_BOOTS_SET_08,219,1,1,-
-,-,-,-,-,-,-,II_ARM_M_KIN_HELMET_SET_08,219,1,1,-
-,-,-,-,-,-,-,II_ARM_M_KIN_SUIT_SET_08,62,1,1,-
-,-,-,-,-,-,-,II_ARM_M_KIN_GAUNTLET_SET_08,125,1,1,-
-,-,-,-,-,-,-,II_ARM_M_KIN_BOOTS_SET_08,219,1,1,-
-,-,-,-,-,-,-,II_ARM_F_BLA_HELMET_SET_11,219,1,1,-
-,-,-,-,-,-,-,II_ARM_F_BLA_SUIT_SET_11,62,1,1,-
-,-,-,-,-,-,-,II_ARM_F_BLA_GAUNTLET_SET_11,125,1,1,-
-,-,-,-,-,-,-,II_ARM_F_BLA_BOOTS_SET_11,219,1,1,-
-,-,-,-,-,-,-,II_ARM_M_BLA_HELMET_SET_11,219,1,1,-
-,-,-,-,-,-,-,II_ARM_M_BLA_SUIT_SET_11,62,1,1,-
-,-,-,-,-,-,-,II_ARM_M_BLA_GAUNTLET_SET_11,125,1,1,-
-,-,-,-,-,-,-,II_ARM_M_BLA_BOOTS_SET_11,219,1,1,-
-,-,-,-,-,-,-,II_ARM_F_JST_HELMET_SET_14,219,1,1,-
-,-,-,-,-,-,-,II_ARM_F_JST_SUIT_SET_14,62,1,1,-
-,-,-,-,-,-,-,II_ARM_F_JST_GAUNTLET_SET_14,125,1,1,-
-,-,-,-,-,-,-,II_ARM_F_JST_BOOTS_SET_14,219,1,1,-
-,-,-,-,-,-,-,II_ARM_M_JST_HELMET_SET_14,219,1,1,-
-,-,-,-,-,-,-,II_ARM_M_JST_SUIT_SET_14,62,1,1,-
-,-,-,-,-,-,-,II_ARM_M_JST_GAUNTLET_SET_14,125,1,1,-
-,-,-,-,-,-,-,II_ARM_M_JST_BOOTS_SET_14,219,1,1,-
-,-,-,-,-,-,-,II_ARM_F_RAG_HELMET_SET_17,219,1,1,-
-,-,-,-,-,-,-,II_ARM_F_RAG_SUIT_SET_17,62,1,1,-
-,-,-,-,-,-,-,II_ARM_F_RAG_GAUNTLET_SET_17,125,1,1,-
-,-,-,-,-,-,-,II_ARM_F_RAG_BOOTS_SET_17,219,1,1,-
-,-,-,-,-,-,-,II_ARM_M_RAG_HELMET_SET_17,219,1,1,-
-,-,-,-,-,-,-,II_ARM_M_RAG_SUIT_SET_17,62,1,1,-
-,-,-,-,-,-,-,II_ARM_M_RAG_GAUNTLET_SET_17,125,1,1,-
-,-,-,-,-,-,-,II_ARM_M_RAG_BOOTS_SET_17,219,1,1,-
-,-,-,-,-,-,-,II_ARM_F_RIN_HELMET_SET_20,219,1,1,-
-,-,-,-,-,-,-,II_ARM_F_RIN_SUIT_SET_20,62,1,1,-
-,-,-,-,-,-,-,II_ARM_F_RIN_GAUNTLET_SET_20,125,1,1,-
-,-,-,-,-,-,-,II_ARM_F_RIN_BOOTS_SET_20,219,1,1,-
-,-,-,-,-,-,-,II_ARM_M_RIN_HELMET_SET_20,219,1,1,-
-,-,-,-,-,-,-,II_ARM_M_RIN_SUIT_SET_20,62,1,1,-
-,-,-,-,-,-,-,II_ARM_M_RIN_GAUNTLET_SET_20,125,1,1,-
-,-,-,-,-,-,-,II_ARM_M_RIN_BOOTS_SET_20,219,1,1,-
-,-,-,-,-,-,-,II_ARM_F_BIL_HELMET_SET_23,219,1,1,-
-,-,-,-,-,-,-,II_ARM_F_BIL_SUIT_SET_23,62,1,1,-
-,-,-,-,-,-,-,II_ARM_F_BIL_GAUNTLET_SET_23,125,1,1,-
-,-,-,-,-,-,-,II_ARM_F_BIL_BOOTS_SET_23,219,1,1,-
-,-,-,-,-,-,-,II_ARM_M_BIL_HELMET_SET_23,219,1,1,-
-,-,-,-,-,-,-,II_ARM_M_BIL_SUIT_SET_23,62,1,1,-
-,-,-,-,-,-,-,II_ARM_M_BIL_GAUNTLET_SET_23,125,1,1,-
-,-,-,-,-,-,-,II_ARM_M_BIL_BOOTS_SET_23,219,1,1,-
-,-,-,-,-,-,-,II_ARM_F_PSY_HELMET_SET_26,219,1,1,-
-,-,-,-,-,-,-,II_ARM_F_PSY_SUIT_SET_26,62,1,1,-
-,-,-,-,-,-,-,II_ARM_F_PSY_GAUNTLET_SET_26,125,1,1,-
-,-,-,-,-,-,-,II_ARM_F_PSY_BOOTS_SET_26,219,1,1,-
-,-,-,-,-,-,-,II_ARM_M_PSY_HELMET_SET_26,219,1,1,-
-,-,-,-,-,-,-,II_ARM_M_PSY_SUIT_SET_26,62,1,1,-
-,-,-,-,-,-,-,II_ARM_M_PSY_GAUNTLET_SET_26,125,1,1,-
-,-,-,-,-,-,-,II_ARM_M_PSY_BOOTS_SET_26,219,1,1,-
-,-,-,-,-,-,-,II_ARM_F_ELE_HELMET_SET_29,219,1,1,-
-,-,-,-,-,-,-,II_ARM_F_ELE_SUIT_SET_29,62,1,1,-
-,-,-,-,-,-,-,II_ARM_F_ELE_GAUNTLET_SET_29,125,1,1,-
-,-,-,-,-,-,-,II_ARM_F_ELE_BOOTS_SET_29,219,1,1,-
-,-,-,-,-,-,-,II_ARM_M_ELE_HELMET_SET_29,219,1,1,-
-,-,-,-,-,-,-,II_ARM_M_ELE_SUIT_SET_29,62,1,1,-
-,-,-,-,-,-,-,II_ARM_M_ELE_GAUNTLET_SET_29,125,1,1,-
-,-,-,-,-,-,-,II_ARM_M_ELE_BOOTS_SET_29,219,1,1,-
62,85,96,2010-03-03 10:00,3000-01-01 12:00,-,-,-,-,-,-,-
-,-,-,-,-,ARMOR,190,-,-,-,-,-
-,-,-,-,-,-,-,II_ARM_M_KIN_HELMET06,150,1,1,-
-,-,-,-,-,-,-,II_ARM_M_BLA_HELMET06,150,1,1,-
-,-,-,-,-,-,-,II_ARM_F_KIN_HELMET06,150,1,1,-
-,-,-,-,-,-,-,II_ARM_F_BLA_HELMET06,150,1,1,-
-,-,-,-,-,-,-,II_ARM_M_JST_HELMET06,150,1,1,-
-,-,-,-,-,-,-,II_ARM_M_RAG_HELMET06,150,1,1,-
-,-,-,-,-,-,-,II_ARM_F_JST_HELMET06,150,1,1,-
-,-,-,-,-,-,-,II_ARM_F_RAG_HELMET06,150,1,1,-
-,-,-,-,-,-,-,II_ARM_M_RIN_HELMET06,150,1,1,-
-,-,-,-,-,-,-,II_ARM_M_BIL_HELMET06,150,1,1,-
-,-,-,-,-,-,-,II_ARM_F_RIN_HELMET06,150,1,1,-
-,-,-,-,-,-,-,II_ARM_F_BIL_HELMET06,150,1,1,-
-,-,-,-,-,-,-,II_ARM_M_PSY_HELMET06,150,1,1,-
-,-,-,-,-,-,-,II_ARM_M_ELE_HELMET06,150,1,1,-
-,-,-,-,-,-,-,II_ARM_F_PSY_HELMET06,150,1,1,-
-,-,-,-,-,-,-,II_ARM_F_ELE_HELMET06,150,1,1,-
-,-,-,-,-,-,-,II_ARM_M_KIN_BOOTS06,150,1,1,-
-,-,-,-,-,-,-,II_ARM_M_BLA_BOOTS06,149,1,1,-
-,-,-,-,-,-,-,II_ARM_F_KIN_BOOTS06,149,1,1,-
-,-,-,-,-,-,-,II_ARM_F_BLA_BOOTS06,149,1,1,-
-,-,-,-,-,-,-,II_ARM_M_JST_BOOTS06,149,1,1,-
-,-,-,-,-,-,-,II_ARM_M_RAG_BOOTS06,149,1,1,-
-,-,-,-,-,-,-,II_ARM_F_JST_BOOTS06,149,1,1,-
-,-,-,-,-,-,-,II_ARM_F_RAG_BOOTS06,149,1,1,-
-,-,-,-,-,-,-,II_ARM_M_RIN_BOOTS06,149,1,1,-
-,-,-,-,-,-,-,II_ARM_M_BIL_BOOTS06,149,1,1,-
-,-,-,-,-,-,-,II_ARM_F_RIN_BOOTS06,149,1,1,-
-,-,-,-,-,-,-,II_ARM_F_BIL_BOOTS06,149,1,1,-
-,-,-,-,-,-,-,II_ARM_M_PSY_BOOTS06,149,1,1,-
-,-,-,-,-,-,-,II_ARM_M_ELE_BOOTS06,149,1,1,-
-,-,-,-,-,-,-,II_ARM_F_PSY_BOOTS06,149,1,1,-
-,-,-,-,-,-,-,II_ARM_F_ELE_BOOTS06,149,1,1,-
-,-,-,-,-,-,-,II_ARM_ARM_SHI_HILEITINE,149,1,1,-
-,-,-,-,-,-,-,II_ARM_M_KIN_GAUNTLET06,149,1,1,-
-,-,-,-,-,-,-,II_ARM_M_BLA_GAUNTLET06,149,1,1,-
-,-,-,-,-,-,-,II_ARM_F_KIN_GAUNTLET06,149,1,1,-
-,-,-,-,-,-,-,II_ARM_F_BLA_GAUNTLET06,149,1,1,-
-,-,-,-,-,-,-,II_ARM_M_JST_GAUNTLET06,149,1,1,-
-,-,-,-,-,-,-,II_ARM_M_RAG_GAUNTLET06,149,1,1,-
-,-,-,-,-,-,-,II_ARM_F_JST_GAUNTLET06,149,1,1,-
-,-,-,-,-,-,-,II_ARM_F_RAG_GAUNTLET06,149,1,1,-
-,-,-,-,-,-,-,II_ARM_M_RIN_GAUNTLET06,149,1,1,-
-,-,-,-,-,-,-,II_ARM_M_BIL_GAUNTLET06,149,1,1,-
-,-,-,-,-,-,-,II_ARM_F_RIN_GAUNTLET06,149,1,1,-
-,-,-,-,-,-,-,II_ARM_F_BIL_GAUNTLET06,149,1,1,-
-,-,-,-,-,-,-,II_ARM_M_PSY_GAUNTLET06,149,1,1,-
-,-,-,-,-,-,-,II_ARM_M_ELE_GAUNTLET06,149,1,1,-
-,-,-,-,-,-,-,II_ARM_F_PSY_GAUNTLET06,149,1,1,-
-,-,-,-,-,-,-,II_ARM_F_ELE_GAUNTLET06,149,1,1,-
-,-,-,-,-,-,-,II_ARM_M_KIN_SUIT06,149,1,1,-
-,-,-,-,-,-,-,II_ARM_M_BLA_SUIT06,149,1,1,-
-,-,-,-,-,-,-,II_ARM_F_KIN_SUIT06,149,1,1,-
-,-,-,-,-,-,-,II_ARM_F_BLA_SUIT06,149,1,1,-
-,-,-,-,-,-,-,II_ARM_M_JST_SUIT06,149,1,1,-
-,-,-,-,-,-,-,II_ARM_M_RAG_SUIT06,149,1,1,-
-,-,-,-,-,-,-,II_ARM_F_JST_SUIT06,149,1,1,-
-,-,-,-,-,-,-,II_ARM_F_RAG_SUIT06,149,1,1,-
-,-,-,-,-,-,-,II_ARM_M_RIN_SUIT06,149,1,1,-
-,-,-,-,-,-,-,II_ARM_M_BIL_SUIT06,149,1,1,-
-,-,-,-,-,-,-,II_ARM_F_RIN_SUIT06,149,1,1,-
-,-,-,-,-,-,-,II_ARM_F_BIL_SUIT06,149,1,1,-
-,-,-,-,-,-,-,II_ARM_M_PSY_SUIT06,149,1,1,-
-,-,-,-,-,-,-,II_ARM_M_ELE_SUIT06,149,1,1,-
-,-,-,-,-,-,-,II_ARM_F_PSY_SUIT06,149,1,1,-
-,-,-,-,-,-,-,II_ARM_F_ELE_SUIT06,149,1,1,-
-,-,-,-,-,-,-,II_ARM_ARM_SHI_ICICLE,149,1,1,-
-,-,-,-,-,-,-,II_ARM_ARM_SHI_HILEITINE,149,1,1,-
63,95,109,2010-03-03 10:00,3000-01-01 12:00,-,-,-,-,-,-,-
-,-,-,-,-,ARMOR,50,-,-,-,-,-
-,-,-,-,-,-,-,II_ARM_F_KIN_HELMET_SET_09,219,1,1,-
-,-,-,-,-,-,-,II_ARM_F_KIN_SUIT_SET_09,62,1,1,-
-,-,-,-,-,-,-,II_ARM_F_KIN_GAUNTLET_SET_09,125,1,1,-
-,-,-,-,-,-,-,II_ARM_F_KIN_BOOTS_SET_09,219,1,1,-
-,-,-,-,-,-,-,II_ARM_M_KIN_HELMET_SET_09,219,1,1,-
-,-,-,-,-,-,-,II_ARM_M_KIN_SUIT_SET_09,62,1,1,-
-,-,-,-,-,-,-,II_ARM_M_KIN_GAUNTLET_SET_09,125,1,1,-
-,-,-,-,-,-,-,II_ARM_M_KIN_BOOTS_SET_09,219,1,1,-
-,-,-,-,-,-,-,II_ARM_F_BLA_HELMET_SET_12,219,1,1,-
-,-,-,-,-,-,-,II_ARM_F_BLA_SUIT_SET_12,62,1,1,-
-,-,-,-,-,-,-,II_ARM_F_BLA_GAUNTLET_SET_12,125,1,1,-
-,-,-,-,-,-,-,II_ARM_F_BLA_BOOTS_SET_12,219,1,1,-
-,-,-,-,-,-,-,II_ARM_M_BLA_HELMET_SET_12,219,1,1,-
-,-,-,-,-,-,-,II_ARM_M_BLA_SUIT_SET_12,62,1,1,-
-,-,-,-,-,-,-,II_ARM_M_BLA_GAUNTLET_SET_12,125,1,1,-
-,-,-,-,-,-,-,II_ARM_M_BLA_BOOTS_SET_12,219,1,1,-
-,-,-,-,-,-,-,II_ARM_F_JST_HELMET_SET_15,219,1,1,-
-,-,-,-,-,-,-,II_ARM_F_JST_SUIT_SET_15,62,1,1,-
-,-,-,-,-,-,-,II_ARM_F_JST_GAUNTLET_SET_15,125,1,1,-
-,-,-,-,-,-,-,II_ARM_F_JST_BOOTS_SET_15,219,1,1,-
-,-,-,-,-,-,-,II_ARM_M_JST_HELMET_SET_15,219,1,1,-
-,-,-,-,-,-,-,II_ARM_M_JST_SUIT_SET_15,62,1,1,-
-,-,-,-,-,-,-,II_ARM_M_JST_GAUNTLET_SET_15,125,1,1,-
-,-,-,-,-,-,-,II_ARM_M_JST_BOOTS_SET_15,219,1,1,-
-,-,-,-,-,-,-,II_ARM_F_RAG_HELMET_SET_18,219,1,1,-
-,-,-,-,-,-,-,II_ARM_F_RAG_SUIT_SET_18,62,1,1,-
-,-,-,-,-,-,-,II_ARM_F_RAG_GAUNTLET_SET_18,125,1,1,-
-,-,-,-,-,-,-,II_ARM_F_RAG_BOOTS_SET_18,219,1,1,-
-,-,-,-,-,-,-,II_ARM_M_RAG_HELMET_SET_18,219,1,1,-
-,-,-,-,-,-,-,II_ARM_M_RAG_SUIT_SET_18,62,1,1,-
-,-,-,-,-,-,-,II_ARM_M_RAG_GAUNTLET_SET_18,125,1,1,-
-,-,-,-,-,-,-,II_ARM_M_RAG_BOOTS_SET_18,219,1,1,-
-,-,-,-,-,-,-,II_ARM_F_RIN_HELMET_SET_21,219,1,1,-
-,-,-,-,-,-,-,II_ARM_F_RIN_SUIT_SET_21,62,1,1,-
-,-,-,-,-,-,-,II_ARM_F_RIN_GAUNTLET_SET_21,125,1,1,-
-,-,-,-,-,-,-,II_ARM_F_RIN_BOOTS_SET_21,219,1,1,-
-,-,-,-,-,-,-,II_ARM_M_RIN_HELMET_SET_21,219,1,1,-
-,-,-,-,-,-,-,II_ARM_M_RIN_SUIT_SET_21,62,1,1,-
-,-,-,-,-,-,-,II_ARM_M_RIN_GAUNTLET_SET_21,125,1,1,-
-,-,-,-,-,-,-,II_ARM_M_RIN_BOOTS_SET_21,219,1,1,-
-,-,-,-,-,-,-,II_ARM_F_BIL_HELMET_SET_24,219,1,1,-
-,-,-,-,-,-,-,II_ARM_F_BIL_SUIT_SET_24,62,1,1,-
-,-,-,-,-,-,-,II_ARM_F_BIL_GAUNTLET_SET_24,125,1,1,-
-,-,-,-,-,-,-,II_ARM_F_BIL_BOOTS_SET_24,219,1,1,-
-,-,-,-,-,-,-,II_ARM_M_BIL_HELMET_SET_24,219,1,1,-
-,-,-,-,-,-,-,II_ARM_M_BIL_SUIT_SET_24,62,1,1,-
-,-,-,-,-,-,-,II_ARM_M_BIL_GAUNTLET_SET_24,125,1,1,-
-,-,-,-,-,-,-,II_ARM_M_BIL_BOOTS_SET_24,219,1,1,-
-,-,-,-,-,-,-,II_ARM_F_PSY_HELMET_SET_27,219,1,1,-
-,-,-,-,-,-,-,II_ARM_F_PSY_SUIT_SET_27,62,1,1,-
-,-,-,-,-,-,-,II_ARM_F_PSY_GAUNTLET_SET_27,125,1,1,-
-,-,-,-,-,-,-,II_ARM_F_PSY_BOOTS_SET_27,219,1,1,-
-,-,-,-,-,-,-,II_ARM_M_PSY_HELMET_SET_27,219,1,1,-
-,-,-,-,-,-,-,II_ARM_M_PSY_SUIT_SET_27,62,1,1,-
-,-,-,-,-,-,-,II_ARM_M_PSY_GAUNTLET_SET_27,125,1,1,-
-,-,-,-,-,-,-,II_ARM_M_PSY_BOOTS_SET_27,219,1,1,-
-,-,-,-,-,-,-,II_ARM_F_ELE_HELMET_SET_30,219,1,1,-
-,-,-,-,-,-,-,II_ARM_F_ELE_SUIT_SET_30,62,1,1,-
-,-,-,-,-,-,-,II_ARM_F_ELE_GAUNTLET_SET_30,125,1,1,-
-,-,-,-,-,-,-,II_ARM_F_ELE_BOOTS_SET_30,219,1,1,-
-,-,-,-,-,-,-,II_ARM_M_ELE_HELMET_SET_30,219,1,1,-
-,-,-,-,-,-,-,II_ARM_M_ELE_SUIT_SET_30,62,1,1,-
-,-,-,-,-,-,-,II_ARM_M_ELE_GAUNTLET_SET_30,125,1,1,-
-,-,-,-,-,-,-,II_ARM_M_ELE_BOOTS_SET_30,219,1,1,-
64,97,108,2010-03-03 10:00,3000-01-01 12:00,-,-,-,-,-,-,-
-,-,-,-,-,ARMOR,160,-,-,-,-,-
-,-,-,-,-,-,-,II_ARM_M_KIN_HELMET08,150,1,1,-
-,-,-,-,-,-,-,II_ARM_M_BLA_HELMET08,150,1,1,-
-,-,-,-,-,-,-,II_ARM_F_KIN_HELMET08,150,1,1,-
-,-,-,-,-,-,-,II_ARM_F_BLA_HELMET08,150,1,1,-
-,-,-,-,-,-,-,II_ARM_M_JST_HELMET08,150,1,1,-
-,-,-,-,-,-,-,II_ARM_M_RAG_HELMET08,150,1,1,-
-,-,-,-,-,-,-,II_ARM_F_JST_HELMET08,150,1,1,-
-,-,-,-,-,-,-,II_ARM_F_RAG_HELMET08,150,1,1,-
-,-,-,-,-,-,-,II_ARM_M_RIN_HELMET08,150,1,1,-
-,-,-,-,-,-,-,II_ARM_M_BIL_HELMET08,150,1,1,-
-,-,-,-,-,-,-,II_ARM_F_RIN_HELMET08,150,1,1,-
-,-,-,-,-,-,-,II_ARM_F_BIL_HELMET08,150,1,1,-
-,-,-,-,-,-,-,II_ARM_M_PSY_HELMET08,150,1,1,-
-,-,-,-,-,-,-,II_ARM_M_ELE_HELMET08,150,1,1,-
-,-,-,-,-,-,-,II_ARM_F_PSY_HELMET08,150,1,1,-
-,-,-,-,-,-,-,II_ARM_F_ELE_HELMET08,150,1,1,-
-,-,-,-,-,-,-,II_ARM_M_KIN_BOOTS08,150,1,1,-
-,-,-,-,-,-,-,II_ARM_M_BLA_BOOTS08,149,1,1,-
-,-,-,-,-,-,-,II_ARM_F_KIN_BOOTS08,149,1,1,-
-,-,-,-,-,-,-,II_ARM_F_BLA_BOOTS08,149,1,1,-
-,-,-,-,-,-,-,II_ARM_M_JST_BOOTS08,149,1,1,-
-,-,-,-,-,-,-,II_ARM_M_RAG_BOOTS08,149,1,1,-
-,-,-,-,-,-,-,II_ARM_F_JST_BOOTS08,149,1,1,-
-,-,-,-,-,-,-,II_ARM_F_RAG_BOOTS08,149,1,1,-
-,-,-,-,-,-,-,II_ARM_M_RIN_BOOTS08,149,1,1,-
-,-,-,-,-,-,-,II_ARM_M_BIL_BOOTS08,149,1,1,-
-,-,-,-,-,-,-,II_ARM_F_RIN_BOOTS08,149,1,1,-
-,-,-,-,-,-,-,II_ARM_F_BIL_BOOTS08,149,1,1,-
-,-,-,-,-,-,-,II_ARM_M_PSY_BOOTS08,149,1,1,-
-,-,-,-,-,-,-,II_ARM_M_ELE_BOOTS08,149,1,1,-
-,-,-,-,-,-,-,II_ARM_F_PSY_BOOTS08,149,1,1,-
-,-,-,-,-,-,-,II_ARM_F_ELE_BOOTS08,149,1,1,-
-,-,-,-,-,-,-,II_ARM_M_KIN_GAUNTLET08,149,1,1,-
-,-,-,-,-,-,-,II_ARM_M_BLA_GAUNTLET08,149,1,1,-
-,-,-,-,-,-,-,II_ARM_F_KIN_GAUNTLET08,149,1,1,-
-,-,-,-,-,-,-,II_ARM_F_BLA_GAUNTLET08,149,1,1,-
-,-,-,-,-,-,-,II_ARM_M_JST_GAUNTLET08,149,1,1,-
-,-,-,-,-,-,-,II_ARM_M_RAG_GAUNTLET08,149,1,1,-
-,-,-,-,-,-,-,II_ARM_F_JST_GAUNTLET08,149,1,1,-
-,-,-,-,-,-,-,II_ARM_F_RAG_GAUNTLET08,149,1,1,-
-,-,-,-,-,-,-,II_ARM_M_RIN_GAUNTLET08,149,1,1,-
-,-,-,-,-,-,-,II_ARM_M_BIL_GAUNTLET08,149,1,1,-
-,-,-,-,-,-,-,II_ARM_F_RIN_GAUNTLET08,149,1,1,-
-,-,-,-,-,-,-,II_ARM_F_BIL_GAUNTLET08,149,1,1,-
-,-,-,-,-,-,-,II_ARM_M_PSY_GAUNTLET08,149,1,1,-
-,-,-,-,-,-,-,II_ARM_M_ELE_GAUNTLET08,149,1,1,-
-,-,-,-,-,-,-,II_ARM_F_PSY_GAUNTLET08,149,1,1,-
-,-,-,-,-,-,-,II_ARM_F_ELE_GAUNTLET08,149,1,1,-
-,-,-,-,-,-,-,II_ARM_M_KIN_SUIT08,149,1,1,-
-,-,-,-,-,-,-,II_ARM_M_BLA_SUIT08,149,1,1,-
-,-,-,-,-,-,-,II_ARM_F_KIN_SUIT08,149,1,1,-
-,-,-,-,-,-,-,II_ARM_F_BLA_SUIT08,149,1,1,-
-,-,-,-,-,-,-,II_ARM_M_JST_SUIT08,149,1,1,-
-,-,-,-,-,-,-,II_ARM_M_RAG_SUIT08,149,1,1,-
-,-,-,-,-,-,-,II_ARM_F_JST_SUIT08,149,1,1,-
-,-,-,-,-,-,-,II_ARM_F_RAG_SUIT08,149,1,1,-
-,-,-,-,-,-,-,II_ARM_M_RIN_SUIT08,149,1,1,-
-,-,-,-,-,-,-,II_ARM_M_BIL_SUIT08,149,1,1,-
-,-,-,-,-,-,-,II_ARM_F_RIN_SUIT08,149,1,1,-
-,-,-,-,-,-,-,II_ARM_F_BIL_SUIT08,149,1,1,-
-,-,-,-,-,-,-,II_ARM_M_PSY_SUIT08,149,1,1,-
-,-,-,-,-,-,-,II_ARM_M_ELE_SUIT08,149,1,1,-
-,-,-,-,-,-,-,II_ARM_F_PSY_SUIT08,149,1,1,-
-,-,-,-,-,-,-,II_ARM_F_ELE_SUIT08,149,1,1,-
-,-,-,-,-,-,-,II_ARM_ARM_SHI_RUKENSHIA,149,1,1,-
-,-,-,-,-,-,-,II_ARM_M_KIN_HELMET06,149,1,1,-
-,-,-,-,-,-,-,II_ARM_ARM_SHI_COIEN,149,1,1,-
65,109,112,2010-03-03 10:00,3000-01-01 12:00,-,-,-,-,-,-,-
-,-,-,-,-,ARMOR,130,-,-,-,-,-
-,-,-,-,-,-,-,II_ARM_ARM_SHI_TOEFFIN,150,1,1,-
-,-,-,-,-,-,-,II_ARM_M_KIN_HELMET10,150,1,1,-
-,-,-,-,-,-,-,II_ARM_M_BLA_HELMET10,150,1,1,-
-,-,-,-,-,-,-,II_ARM_F_KIN_HELMET10,150,1,1,-
-,-,-,-,-,-,-,II_ARM_F_BLA_HELMET10,150,1,1,-
-,-,-,-,-,-,-,II_ARM_M_JST_HELMET10,150,1,1,-
-,-,-,-,-,-,-,II_ARM_M_RAG_HELMET10,150,1,1,-
-,-,-,-,-,-,-,II_ARM_F_JST_HELMET10,150,1,1,-
-,-,-,-,-,-,-,II_ARM_F_RAG_HELMET10,150,1,1,-
-,-,-,-,-,-,-,II_ARM_M_RIN_HELMET10,150,1,1,-
-,-,-,-,-,-,-,II_ARM_M_BIL_HELMET10,150,1,1,-
-,-,-,-,-,-,-,II_ARM_F_RIN_HELMET10,150,1,1,-
-,-,-,-,-,-,-,II_ARM_F_BIL_HELMET10,150,1,1,-
-,-,-,-,-,-,-,II_ARM_M_PSY_HELMET10,150,1,1,-
-,-,-,-,-,-,-,II_ARM_M_ELE_HELMET10,150,1,1,-
-,-,-,-,-,-,-,II_ARM_F_PSY_HELMET10,150,1,1,-
-,-,-,-,-,-,-,II_ARM_F_ELE_HELMET10,150,1,1,-
-,-,-,-,-,-,-,II_ARM_M_KIN_BOOTS10,149,1,1,-
-,-,-,-,-,-,-,II_ARM_M_BLA_BOOTS10,149,1,1,-
-,-,-,-,-,-,-,II_ARM_F_KIN_BOOTS10,149,1,1,-
-,-,-,-,-,-,-,II_ARM_F_BLA_BOOTS10,149,1,1,-
-,-,-,-,-,-,-,II_ARM_M_JST_BOOTS10,149,1,1,-
-,-,-,-,-,-,-,II_ARM_M_RAG_BOOTS10,149,1,1,-
-,-,-,-,-,-,-,II_ARM_F_JST_BOOTS10,149,1,1,-
-,-,-,-,-,-,-,II_ARM_F_RAG_BOOTS10,149,1,1,-
-,-,-,-,-,-,-,II_ARM_M_RIN_BOOTS10,149,1,1,-
-,-,-,-,-,-,-,II_ARM_M_BIL_BOOTS10,149,1,1,-
-,-,-,-,-,-,-,II_ARM_F_RIN_BOOTS10,149,1,1,-
-,-,-,-,-,-,-,II_ARM_F_BIL_BOOTS10,149,1,1,-
-,-,-,-,-,-,-,II_ARM_M_PSY_BOOTS10,149,1,1,-
-,-,-,-,-,-,-,II_ARM_M_ELE_BOOTS10,149,1,1,-
-,-,-,-,-,-,-,II_ARM_F_PSY_BOOTS10,149,1,1,-
-,-,-,-,-,-,-,II_ARM_F_ELE_BOOTS10,149,1,1,-
-,-,-,-,-,-,-,II_ARM_M_KIN_GAUNTLET10,149,1,1,-
-,-,-,-,-,-,-,II_ARM_M_BLA_GAUNTLET10,149,1,1,-
-,-,-,-,-,-,-,II_ARM_F_KIN_GAUNTLET10,149,1,1,-
-,-,-,-,-,-,-,II_ARM_F_BLA_GAUNTLET10,149,1,1,-
-,-,-,-,-,-,-,II_ARM_M_JST_GAUNTLET10,149,1,1,-
-,-,-,-,-,-,-,II_ARM_M_RAG_GAUNTLET10,149,1,1,-
-,-,-,-,-,-,-,II_ARM_F_JST_GAUNTLET10,149,1,1,-
-,-,-,-,-,-,-,II_ARM_F_RAG_GAUNTLET10,149,1,1,-
-,-,-,-,-,-,-,II_ARM_M_RIN_GAUNTLET10,149,1,1,-
-,-,-,-,-,-,-,II_ARM_M_BIL_GAUNTLET10,149,1,1,-
-,-,-,-,-,-,-,II_ARM_F_RIN_GAUNTLET10,149,1,1,-
-,-,-,-,-,-,-,II_ARM_F_BIL_GAUNTLET10,149,1,1,-
-,-,-,-,-,-,-,II_ARM_M_PSY_GAUNTLET10,149,1,1,-
-,-,-,-,-,-,-,II_ARM_M_ELE_GAUNTLET10,149,1,1,-
-,-,-,-,-,-,-,II_ARM_F_PSY_GAUNTLET10,149,1,1,-
-,-,-,-,-,-,-,II_ARM_F_ELE_GAUNTLET10,149,1,1,-
-,-,-,-,-,-,-,II_ARM_M_KIN_SUIT10,149,1,1,-
-,-,-,-,-,-,-,II_ARM_M_BLA_SUIT10,149,1,1,-
-,-,-,-,-,-,-,II_ARM_F_KIN_SUIT10,149,1,1,-
-,-,-,-,-,-,-,II_ARM_F_BLA_SUIT10,149,1,1,-
-,-,-,-,-,-,-,II_ARM_M_JST_SUIT10,149,1,1,-
-,-,-,-,-,-,-,II_ARM_M_RAG_SUIT10,149,1,1,-
-,-,-,-,-,-,-,II_ARM_F_JST_SUIT10,149,1,1,-
-,-,-,-,-,-,-,II_ARM_F_RAG_SUIT10,149,1,1,-
-,-,-,-,-,-,-,II_ARM_M_RIN_SUIT10,149,1,1,-
-,-,-,-,-,-,-,II_ARM_M_BIL_SUIT10,149,1,1,-
-,-,-,-,-,-,-,II_ARM_F_RIN_SUIT10,149,1,1,-
-,-,-,-,-,-,-,II_ARM_F_BIL_SUIT10,149,1,1,-
-,-,-,-,-,-,-,II_ARM_M_PSY_SUIT10,149,1,1,-
-,-,-,-,-,-,-,II_ARM_M_ELE_SUIT10,149,1,1,-
-,-,-,-,-,-,-,II_ARM_F_PSY_SUIT10,149,1,1,-
-,-,-,-,-,-,-,II_ARM_F_ELE_SUIT10,149,1,1,-
-,-,-,-,-,-,-,II_ARM_ARM_SHI_RUKENSHIA,149,1,1,-
-,-,-,-,-,-,-,II_ARM_ARM_SHI_TOEFFIN,149,1,1,-
66,113,120,2010-03-03 10:00,3000-01-01 12:00,-,-,-,-,-,-,-
-,-,-,-,-,ARMOR,100,-,-,-,-,-
-,-,-,-,-,-,-,II_ARM_ARM_SHI_TOEFFIN,145,1,1,-
-,-,-,-,-,-,-,II_ARM_M_KIN_HELMET10,145,1,1,-
-,-,-,-,-,-,-,II_ARM_M_BLA_HELMET10,145,1,1,-
-,-,-,-,-,-,-,II_ARM_F_KIN_HELMET10,145,1,1,-
-,-,-,-,-,-,-,II_ARM_F_BLA_HELMET10,145,1,1,-
-,-,-,-,-,-,-,II_ARM_M_JST_HELMET10,145,1,1,-
-,-,-,-,-,-,-,II_ARM_M_RAG_HELMET10,145,1,1,-
-,-,-,-,-,-,-,II_ARM_F_JST_HELMET10,145,1,1,-
-,-,-,-,-,-,-,II_ARM_F_RAG_HELMET10,145,1,1,-
-,-,-,-,-,-,-,II_ARM_M_RIN_HELMET10,145,1,1,-
-,-,-,-,-,-,-,II_ARM_M_BIL_HELMET10,145,1,1,-
-,-,-,-,-,-,-,II_ARM_F_RIN_HELMET10,145,1,1,-
-,-,-,-,-,-,-,II_ARM_F_BIL_HELMET10,145,1,1,-
-,-,-,-,-,-,-,II_ARM_M_PSY_HELMET10,145,1,1,-
-,-,-,-,-,-,-,II_ARM_M_ELE_HELMET10,145,1,1,-
-,-,-,-,-,-,-,II_ARM_F_PSY_HELMET10,145,1,1,-
-,-,-,-,-,-,-,II_ARM_F_ELE_HELMET10,145,1,1,-
-,-,-,-,-,-,-,II_ARM_M_KIN_BOOTS10,145,1,1,-
-,-,-,-,-,-,-,II_ARM_M_BLA_BOOTS10,145,1,1,-
-,-,-,-,-,-,-,II_ARM_F_KIN_BOOTS10,145,1,1,-
-,-,-,-,-,-,-,II_ARM_F_BLA_BOOTS10,145,1,1,-
-,-,-,-,-,-,-,II_ARM_M_JST_BOOTS10,145,1,1,-
-,-,-,-,-,-,-,II_ARM_M_RAG_BOOTS10,145,1,1,-
-,-,-,-,-,-,-,II_ARM_F_JST_BOOTS10,145,1,1,-
-,-,-,-,-,-,-,II_ARM_F_RAG_BOOTS10,145,1,1,-
-,-,-,-,-,-,-,II_ARM_M_RIN_BOOTS10,145,1,1,-
-,-,-,-,-,-,-,II_ARM_M_BIL_BOOTS10,145,1,1,-
-,-,-,-,-,-,-,II_ARM_F_RIN_BOOTS10,145,1,1,-
-,-,-,-,-,-,-,II_ARM_F_BIL_BOOTS10,145,1,1,-
-,-,-,-,-,-,-,II_ARM_M_PSY_BOOTS10,145,1,1,-
-,-,-,-,-,-,-,II_ARM_M_ELE_BOOTS10,145,1,1,-
-,-,-,-,-,-,-,II_ARM_F_PSY_BOOTS10,145,1,1,-
-,-,-,-,-,-,-,II_ARM_F_ELE_BOOTS10,145,1,1,-
-,-,-,-,-,-,-,II_ARM_M_KIN_GAUNTLET10,145,1,1,-
-,-,-,-,-,-,-,II_ARM_M_BLA_GAUNTLET10,145,1,1,-
-,-,-,-,-,-,-,II_ARM_F_KIN_GAUNTLET10,145,1,1,-
-,-,-,-,-,-,-,II_ARM_F_BLA_GAUNTLET10,145,1,1,-
-,-,-,-,-,-,-,II_ARM_M_JST_GAUNTLET10,145,1,1,-
-,-,-,-,-,-,-,II_ARM_M_RAG_GAUNTLET10,145,1,1,-
-,-,-,-,-,-,-,II_ARM_F_JST_GAUNTLET10,145,1,1,-
-,-,-,-,-,-,-,II_ARM_F_RAG_GAUNTLET10,145,1,1,-
-,-,-,-,-,-,-,II_ARM_M_RIN_GAUNTLET10,145,1,1,-
-,-,-,-,-,-,-,II_ARM_M_BIL_GAUNTLET10,145,1,1,-
-,-,-,-,-,-,-,II_ARM_F_RIN_GAUNTLET10,145,1,1,-
-,-,-,-,-,-,-,II_ARM_F_BIL_GAUNTLET10,145,1,1,-
-,-,-,-,-,-,-,II_ARM_M_PSY_GAUNTLET10,145,1,1,-
-,-,-,-,-,-,-,II_ARM_M_ELE_GAUNTLET10,145,1,1,-
-,-,-,-,-,-,-,II_ARM_F_PSY_GAUNTLET10,145,1,1,-
-,-,-,-,-,-,-,II_ARM_F_ELE_GAUNTLET10,145,1,1,-
-,-,-,-,-,-,-,II_ARM_M_KIN_SUIT10,145,1,1,-
-,-,-,-,-,-,-,II_ARM_M_BLA_SUIT10,145,1,1,-
-,-,-,-,-,-,-,II_ARM_F_KIN_SUIT10,145,1,1,-
-,-,-,-,-,-,-,II_ARM_F_BLA_SUIT10,145,1,1,-
-,-,-,-,-,-,-,II_ARM_M_JST_SUIT10,145,1,1,-
-,-,-,-,-,-,-,II_ARM_M_RAG_SUIT10,145,1,1,-
-,-,-,-,-,-,-,II_ARM_F_JST_SUIT10,145,1,1,-
-,-,-,-,-,-,-,II_ARM_F_RAG_SUIT10,145,1,1,-
-,-,-,-,-,-,-,II_ARM_M_RIN_SUIT10,145,1,1,-
-,-,-,-,-,-,-,II_ARM_M_BIL_SUIT10,145,1,1,-
-,-,-,-,-,-,-,II_ARM_F_RIN_SUIT10,145,1,1,-
-,-,-,-,-,-,-,II_ARM_F_BIL_SUIT10,145,1,1,-
-,-,-,-,-,-,-,II_ARM_M_PSY_SUIT10,145,1,1,-
-,-,-,-,-,-,-,II_ARM_M_ELE_SUIT10,145,1,1,-
-,-,-,-,-,-,-,II_ARM_F_PSY_SUIT10,145,1,1,-
-,-,-,-,-,-,-,II_ARM_F_ELE_SUIT10,144,1,1,-
-,-,-,-,-,-,-,II_ARM_ARM_SHI_RUKENSHIA,144,1,1,-
-,-,-,-,-,-,-,II_ARM_ARM_SHI_TOEFFIN,144,1,1,-
-,-,-,-,-,-,-,II_ARM_M_KIN_HELMET10,144,1,1,-
-,-,-,-,-,-,-,II_ARM_ARM_SHI_CATEPO,144,1,1,-
67,100,130,2010-03-03 10:00,3000-01-01 12:00,-,-,-,-,-,-,-
-,-,-,-,-,ARMOR,50,-,-,-,-,-
-,-,-,-,-,-,-,II_ARM_F_KIN_HELMET_SET_10,109,1,1,-
-,-,-,-,-,-,-,II_ARM_F_KIN_SUIT_SET_10,32,1,1,-
-,-,-,-,-,-,-,II_ARM_F_KIN_GAUNTLET_SET_10,62,1,1,-
-,-,-,-,-,-,-,II_ARM_F_KIN_BOOTS_SET_10,109,1,1,-
-,-,-,-,-,-,-,II_ARM_M_KIN_HELMET_SET_10,109,1,1,-
-,-,-,-,-,-,-,II_ARM_M_KIN_SUIT_SET_10,32,1,1,-
-,-,-,-,-,-,-,II_ARM_M_KIN_GAUNTLET_SET_10,62,1,1,-
-,-,-,-,-,-,-,II_ARM_M_KIN_BOOTS_SET_10,110,1,1,-
-,-,-,-,-,-,-,II_ARM_F_BLA_HELMET_SET_13,109,1,1,-
-,-,-,-,-,-,-,II_ARM_F_BLA_SUIT_SET_13,32,1,1,-
-,-,-,-,-,-,-,II_ARM_F_BLA_GAUNTLET_SET_13,62,1,1,-
-,-,-,-,-,-,-,II_ARM_F_BLA_BOOTS_SET_13,109,1,1,-
-,-,-,-,-,-,-,II_ARM_M_BLA_HELMET_SET_13,109,1,1,-
-,-,-,-,-,-,-,II_ARM_M_BLA_SUIT_SET_13,32,1,1,-
-,-,-,-,-,-,-,II_ARM_M_BLA_GAUNTLET_SET_13,62,1,1,-
-,-,-,-,-,-,-,II_ARM_M_BLA_BOOTS_SET_13,109,1,1,-
-,-,-,-,-,-,-,II_ARM_F_JST_HELMET_SET_16,109,1,1,-
-,-,-,-,-,-,-,II_ARM_F_JST_SUIT_SET_16,32,1,1,-
-,-,-,-,-,-,-,II_ARM_F_JST_GAUNTLET_SET_16,62,1,1,-
-,-,-,-,-,-,-,II_ARM_F_JST_BOOTS_SET_16,110,1,1,-
-,-,-,-,-,-,-,II_ARM_M_JST_HELMET_SET_16,109,1,1,-
-,-,-,-,-,-,-,II_ARM_M_JST_SUIT_SET_16,32,1,1,-
-,-,-,-,-,-,-,II_ARM_M_JST_GAUNTLET_SET_16,62,1,1,-
-,-,-,-,-,-,-,II_ARM_M_JST_BOOTS_SET_16,109,1,1,-
-,-,-,-,-,-,-,II_ARM_F_RAG_HELMET_SET_19,109,1,1,-
-,-,-,-,-,-,-,II_ARM_F_RAG_SUIT_SET_19,32,1,1,-
-,-,-,-,-,-,-,II_ARM_F_RAG_GAUNTLET_SET_19,62,1,1,-
-,-,-,-,-,-,-,II_ARM_F_RAG_BOOTS_SET_19,110,1,1,-
-,-,-,-,-,-,-,II_ARM_M_RAG_HELMET_SET_19,109,1,1,-
-,-,-,-,-,-,-,II_ARM_M_RAG_SUIT_SET_19,32,1,1,-
-,-,-,-,-,-,-,II_ARM_M_RAG_GAUNTLET_SET_19,62,1,1,-
-,-,-,-,-,-,-,II_ARM_M_RAG_BOOTS_SET_19,109,1,1,-
-,-,-,-,-,-,-,II_ARM_F_RIN_HELMET_SET_22,109,1,1,-
-,-,-,-,-,-,-,II_ARM_F_RIN_SUIT_SET_22,32,1,1,-
-,-,-,-,-,-,-,II_ARM_F_RIN_GAUNTLET_SET_22,62,1,1,-
-,-,-,-,-,-,-,II_ARM_F_RIN_BOOTS_SET_22,110,1,1,-
-,-,-,-,-,-,-,II_ARM_M_RIN_HELMET_SET_22,109,1,1,-
-,-,-,-,-,-,-,II_ARM_M_RIN_SUIT_SET_22,32,1,1,-
-,-,-,-,-,-,-,II_ARM_M_RIN_GAUNTLET_SET_22,62,1,1,-
-,-,-,-,-,-,-,II_ARM_M_RIN_BOOTS_SET_22,109,1,1,-
-,-,-,-,-,-,-,II_ARM_F_BIL_HELMET_SET_25,109,1,1,-
-,-,-,-,-,-,-,II_ARM_F_BIL_SUIT_SET_25,32,1,1,-
-,-,-,-,-,-,-,II_ARM_F_BIL_GAUNTLET_SET_25,62,1,1,-
-,-,-,-,-,-,-,II_ARM_F_BIL_BOOTS_SET_25,109,1,1,-
-,-,-,-,-,-,-,II_ARM_M_BIL_HELMET_SET_25,109,1,1,-
-,-,-,-,-,-,-,II_ARM_M_BIL_SUIT_SET_25,32,1,1,-
-,-,-,-,-,-,-,II_ARM_M_BIL_GAUNTLET_SET_25,62,1,1,-
-,-,-,-,-,-,-,II_ARM_M_BIL_BOOTS_SET_25,110,1,1,-
-,-,-,-,-,-,-,II_ARM_F_PSY_HELMET_SET_28,109,1,1,-
-,-,-,-,-,-,-,II_ARM_F_PSY_SUIT_SET_28,32,1,1,-
-,-,-,-,-,-,-,II_ARM_F_PSY_GAUNTLET_SET_28,62,1,1,-
-,-,-,-,-,-,-,II_ARM_F_PSY_BOOTS_SET_28,109,1,1,-
-,-,-,-,-,-,-,II_ARM_M_PSY_HELMET_SET_28,109,1,1,-
-,-,-,-,-,-,-,II_ARM_M_PSY_SUIT_SET_28,32,1,1,-
-,-,-,-,-,-,-,II_ARM_M_PSY_GAUNTLET_SET_28,62,1,1,-
-,-,-,-,-,-,-,II_ARM_M_PSY_BOOTS_SET_28,109,1,1,-
-,-,-,-,-,-,-,II_ARM_F_ELE_HELMET_SET_31,110,1,1,-
-,-,-,-,-,-,-,II_ARM_F_ELE_SUIT_SET_31,32,1,1,-
-,-,-,-,-,-,-,II_ARM_F_ELE_GAUNTLET_SET_31,62,1,1,-
-,-,-,-,-,-,-,II_ARM_F_ELE_BOOTS_SET_31,109,1,1,-
-,-,-,-,-,-,-,II_ARM_M_ELE_HELMET_SET_31,109,1,1,-
-,-,-,-,-,-,-,II_ARM_M_ELE_SUIT_SET_31,32,1,1,-
-,-,-,-,-,-,-,II_ARM_M_ELE_GAUNTLET_SET_31,62,1,1,-
-,-,-,-,-,-,-,II_ARM_M_ELE_BOOTS_SET_31,109,1,1,-
-,-,-,-,-,-,-,II_ARM_F_KIN_HELMET_SET_32,109,1,1,-
-,-,-,-,-,-,-,II_ARM_F_KIN_SUIT_SET_32,32,1,1,-
-,-,-,-,-,-,-,II_ARM_F_KIN_GAUNTLET_SET_32,62,1,1,-
-,-,-,-,-,-,-,II_ARM_F_KIN_BOOTS_SET_32,110,1,1,-
-,-,-,-,-,-,-,II_ARM_M_KIN_HELMET_SET_32,109,1,1,-
-,-,-,-,-,-,-,II_ARM_M_KIN_SUIT_SET_32,32,1,1,-
-,-,-,-,-,-,-,II_ARM_M_KIN_GAUNTLET_SET_32,62,1,1,-
-,-,-,-,-,-,-,II_ARM_M_KIN_BOOTS_SET_32,109,1,1,-
-,-,-,-,-,-,-,II_ARM_F_BLA_HELMET_SET_32,109,1,1,-
-,-,-,-,-,-,-,II_ARM_F_BLA_SUIT_SET_32,32,1,1,-
-,-,-,-,-,-,-,II_ARM_F_BLA_GAUNTLET_SET_32,62,1,1,-
-,-,-,-,-,-,-,II_ARM_F_BLA_BOOTS_SET_32,109,1,1,-
-,-,-,-,-,-,-,II_ARM_M_BLA_HELMET_SET_32,110,1,1,-
-,-,-,-,-,-,-,II_ARM_M_BLA_SUIT_SET_32,32,1,1,-
-,-,-,-,-,-,-,II_ARM_M_BLA_GAUNTLET_SET_32,62,1,1,-
-,-,-,-,-,-,-,II_ARM_M_BLA_BOOTS_SET_32,109,1,1,-
-,-,-,-,-,-,-,II_ARM_F_JST_HELMET_SET_32,109,1,1,-
-,-,-,-,-,-,-,II_ARM_F_JST_SUIT_SET_32,32,1,1,-
-,-,-,-,-,-,-,II_ARM_F_JST_GAUNTLET_SET_32,62,1,1,-
-,-,-,-,-,-,-,II_ARM_F_JST_BOOTS_SET_32,109,1,1,-
-,-,-,-,-,-,-,II_ARM_M_JST_HELMET_SET_32,109,1,1,-
-,-,-,-,-,-,-,II_ARM_M_JST_SUIT_SET_32,32,1,1,-
-,-,-,-,-,-,-,II_ARM_M_JST_GAUNTLET_SET_32,62,1,1,-
-,-,-,-,-,-,-,II_ARM_M_JST_BOOTS_SET_32,110,1,1,-
-,-,-,-,-,-,-,II_ARM_F_RAG_HELMET_SET_32,109,1,1,-
-,-,-,-,-,-,-,II_ARM_F_RAG_SUIT_SET_32,32,1,1,-
-,-,-,-,-,-,-,II_ARM_F_RAG_GAUNTLET_SET_32,62,1,1,-
-,-,-,-,-,-,-,II_ARM_F_RAG_BOOTS_SET_32,109,1,1,-
-,-,-,-,-,-,-,II_ARM_M_RAG_HELMET_SET_32,109,1,1,-
-,-,-,-,-,-,-,II_ARM_M_RAG_SUIT_SET_32,32,1,1,-
-,-,-,-,-,-,-,II_ARM_M_RAG_GAUNTLET_SET_32,62,1,1,-
-,-,-,-,-,-,-,II_ARM_M_RAG_BOOTS_SET_32,110,1,1,-
-,-,-,-,-,-,-,II_ARM_F_RIN_HELMET_SET_32,109,1,1,-
-,-,-,-,-,-,-,II_ARM_F_RIN_SUIT_SET_32,32,1,1,-
-,-,-,-,-,-,-,II_ARM_F_RIN_GAUNTLET_SET_32,62,1,1,-
-,-,-,-,-,-,-,II_ARM_F_RIN_BOOTS_SET_32,109,1,1,-
-,-,-,-,-,-,-,II_ARM_M_RIN_HELMET_SET_32,109,1,1,-
-,-,-,-,-,-,-,II_ARM_M_RIN_SUIT_SET_32,32,1,1,-
-,-,-,-,-,-,-,II_ARM_M_RIN_GAUNTLET_SET_32,62,1,1,-
-,-,-,-,-,-,-,II_ARM_M_RIN_BOOTS_SET_32,110,1,1,-
-,-,-,-,-,-,-,II_ARM_F_BIL_HELMET_SET_32,109,1,1,-
-,-,-,-,-,-,-,II_ARM_F_BIL_SUIT_SET_32,32,1,1,-
-,-,-,-,-,-,-,II_ARM_F_BIL_GAUNTLET_SET_32,62,1,1,-
-,-,-,-,-,-,-,II_ARM_F_BIL_BOOTS_SET_32,109,1,1,-
-,-,-,-,-,-,-,II_ARM_M_BIL_HELMET_SET_32,109,1,1,-
-,-,-,-,-,-,-,II_ARM_M_BIL_SUIT_SET_32,32,1,1,-
-,-,-,-,-,-,-,II_ARM_M_BIL_GAUNTLET_SET_32,62,1,1,-
-,-,-,-,-,-,-,II_ARM_M_BIL_BOOTS_SET_32,110,1,1,-
-,-,-,-,-,-,-,II_ARM_F_PSY_HELMET_SET_32,109,1,1,-
-,-,-,-,-,-,-,II_ARM_F_PSY_SUIT_SET_32,32,1,1,-
-,-,-,-,-,-,-,II_ARM_F_PSY_GAUNTLET_SET_32,62,1,1,-
-,-,-,-,-,-,-,II_ARM_F_PSY_BOOTS_SET_32,109,1,1,-
-,-,-,-,-,-,-,II_ARM_M_PSY_HELMET_SET_32,110,1,1,-
-,-,-,-,-,-,-,II_ARM_M_PSY_SUIT_SET_32,32,1,1,-
-,-,-,-,-,-,-,II_ARM_M_PSY_GAUNTLET_SET_32,62,1,1,-
-,-,-,-,-,-,-,II_ARM_M_PSY_BOOTS_SET_32,109,1,1,-
-,-,-,-,-,-,-,II_ARM_F_ELE_HELMET_SET_32,110,1,1,-
-,-,-,-,-,-,-,II_ARM_F_ELE_SUIT_SET_32,32,1,1,-
-,-,-,-,-,-,-,II_ARM_F_ELE_GAUNTLET_SET_32,62,1,1,-
-,-,-,-,-,-,-,II_ARM_F_ELE_BOOTS_SET_32,110,1,1,-
-,-,-,-,-,-,-,II_ARM_M_ELE_HELMET_SET_32,110,1,1,-
-,-,-,-,-,-,-,II_ARM_M_ELE_SUIT_SET_32,32,1,1,-
-,-,-,-,-,-,-,II_ARM_M_ELE_GAUNTLET_SET_32,62,1,1,-
-,-,-,-,-,-,-,II_ARM_M_ELE_BOOTS_SET_32,109,1,1,-
68,21,40,2010-03-03 10:00,3000-01-01 12:00,-,-,-,-,-,-,-
-,-,-,-,-,ACCESSORY,15,-,-,-,-,-
-,-,-,-,-,-,-,II_GEN_JEW_EAR_ATTEARRING,1111,1,1,-
-,-,-,-,-,-,-,II_GEN_JEW_EAR_DEFEARRING,1111,1,1,-
-,-,-,-,-,-,-,II_GEN_JEW_NEC_HPNECKLACE,1111,1,1,-
-,-,-,-,-,-,-,II_GEN_JEW_NEC_MPNECKLACE,1111,1,1,-
-,-,-,-,-,-,-,II_GEN_JEW_NEC_FPNECKLACE,1111,1,1,-
-,-,-,-,-,-,-,II_GEN_JEW_RIN_STRRING,1111,1,1,-
-,-,-,-,-,-,-,II_GEN_JEW_RIN_INTRING,1111,1,1,-
-,-,-,-,-,-,-,II_GEN_JEW_RIN_DEXRING,1111,1,1,-
-,-,-,-,-,-,-,II_GEN_JEW_RIN_STARING,1112,1,1,-
69,41,60,2010-03-03 10:00,3000-01-01 12:00,-,-,-,-,-,-,-
-,-,-,-,-,ACCESSORY,15,-,-,-,-,-
-,-,-,-,-,-,-,II_GEN_JEW_EAR_ATTEARRING,1111,1,1,-
-,-,-,-,-,-,-,II_GEN_JEW_EAR_DEFEARRING,1111,1,1,-
-,-,-,-,-,-,-,II_GEN_JEW_NEC_HPNECKLACE,1111,1,1,-
-,-,-,-,-,-,-,II_GEN_JEW_NEC_MPNECKLACE,1111,1,1,-
-,-,-,-,-,-,-,II_GEN_JEW_NEC_FPNECKLACE,1111,1,1,-
-,-,-,-,-,-,-,II_GEN_JEW_RIN_STRRING,1111,1,1,-
-,-,-,-,-,-,-,II_GEN_JEW_RIN_INTRING,1111,1,1,-
-,-,-,-,-,-,-,II_GEN_JEW_RIN_DEXRING,1111,1,1,-
-,-,-,-,-,-,-,II_GEN_JEW_RIN_STARING,1112,1,1,-
70,61,80,2010-03-03 10:00,3000-01-01 12:00,-,-,-,-,-,-,-
-,-,-,-,-,ACCESSORY,15,-,-,-,-,-
-,-,-,-,-,-,-,II_GEN_JEW_EAR_ATTEARRING,1111,1,1,-
-,-,-,-,-,-,-,II_GEN_JEW_EAR_DEFEARRING,1111,1,1,-
-,-,-,-,-,-,-,II_GEN_JEW_NEC_HPNECKLACE,1111,1,1,-
-,-,-,-,-,-,-,II_GEN_JEW_NEC_MPNECKLACE,1111,1,1,-
-,-,-,-,-,-,-,II_GEN_JEW_NEC_FPNECKLACE,1111,1,1,-
-,-,-,-,-,-,-,II_GEN_JEW_RIN_STRRING,1111,1,1,-
-,-,-,-,-,-,-,II_GEN_JEW_RIN_INTRING,1111,1,1,-
-,-,-,-,-,-,-,II_GEN_JEW_RIN_DEXRING,1111,1,1,-
-,-,-,-,-,-,-,II_GEN_JEW_RIN_STARING,1112,1,1,-
71,81,100,2010-03-03 10:00,3000-01-01 12:00,-,-,-,-,-,-,-
-,-,-,-,-,ACCESSORY,15,-,-,-,-,-
-,-,-,-,-,-,-,II_GEN_JEW_EAR_ATTEARRING,1111,1,1,-
-,-,-,-,-,-,-,II_GEN_JEW_EAR_DEFEARRING,1111,1,1,-
-,-,-,-,-,-,-,II_GEN_JEW_NEC_HPNECKLACE,1111,1,1,-
-,-,-,-,-,-,-,II_GEN_JEW_NEC_MPNECKLACE,1111,1,1,-
-,-,-,-,-,-,-,II_GEN_JEW_NEC_FPNECKLACE,1111,1,1,-
-,-,-,-,-,-,-,II_GEN_JEW_RIN_STRRING,1111,1,1,-
-,-,-,-,-,-,-,II_GEN_JEW_RIN_INTRING,1111,1,1,-
-,-,-,-,-,-,-,II_GEN_JEW_RIN_DEXRING,1111,1,1,-
-,-,-,-,-,-,-,II_GEN_JEW_RIN_STARING,1112,1,1,-
72,20,135,2010-03-03 10:00,3000-01-01 12:00,-,-,-,-,-,-,-
-,-,-,-,-,MATERIAL,69,-,-,-,-,-
-,-,-,-,-,-,-,II_GEN_MAT_ELE_GENERATOR,2000,1,1,-
-,-,-,-,-,-,-,II_GEN_MAT_ELE_FLAME,2000,1,1,-
-,-,-,-,-,-,-,II_GEN_MAT_ELE_RIVER,2000,1,1,-
-,-,-,-,-,-,-,II_GEN_MAT_ELE_CYCLON,2000,1,1,-
-,-,-,-,-,-,-,II_GEN_MAT_ELE_DESERT,2000,1,1,-
73,137,160,2010-03-03 10:00,3000-01-01 12:00,-,-,-,-,-,-,-
-,-,-,-,-,ETC,20,-,-,-,-,-
-,-,-,-,-,-,-,II_GEN_MAT_ELE_FLAMEORB,2000,1,1,-
-,-,-,-,-,-,-,II_GEN_MAT_ELE_DESERTORB,2000,1,1,-
-,-,-,-,-,-,-,II_GEN_MAT_ELE_GENERATERORB,2000,1,1,-
-,-,-,-,-,-,-,II_GEN_MAT_ELE_RIVERORB,2000,1,1,-
-,-,-,-,-,-,-,II_GEN_MAT_ELE_CYCLONEORB,2000,1,1,-
74,20,60,2010-03-03 10:00,3000-01-01 12:00,-,-,-,-,-,-,-
-,-,-,-,-,MATERIAL,100,-,-,-,-,-
-,-,-,-,-,-,-,II_GEN_MAT_ELE_CANDLE,2000,1,1,-
-,-,-,-,-,-,-,II_GEN_MAT_ELE_RAIN,2000,1,1,-
-,-,-,-,-,-,-,II_GEN_MAT_ELE_SPARK,2000,1,1,-
-,-,-,-,-,-,-,II_GEN_MAT_ELE_SAND,2000,1,1,-
-,-,-,-,-,-,-,II_GEN_MAT_ELE_BREEZE,2000,1,1,-
75,20,60,2010-03-03 10:00,3000-01-01 12:00,-,-,-,-,-,-,-
-,-,-,-,-,MATERIAL,100,-,-,-,-,-
-,-,-,-,-,-,-,II_GEN_MAT_ELE_CANDLEC,2000,1,1,-
-,-,-,-,-,-,-,II_GEN_MAT_ELE_RAINATKC,2000,1,1,-
-,-,-,-,-,-,-,II_GEN_MAT_ELE_BREEZEATKC,2000,1,1,-
-,-,-,-,-,-,-,II_GEN_MAT_ELE_SPARKATKC,2000,1,1,-
-,-,-,-,-,-,-,II_GEN_MAT_ELE_SANDATKC,2000,1,1,-
76,20,60,2010-03-03 10:00,3000-01-01 12:00,-,-,-,-,-,-,-
-,-,-,-,-,MATERIAL,20,-,-,-,-,-
-,-,-,-,-,-,-,II_GEN_MAT_ELE_MAGMA,2000,1,1,-
-,-,-,-,-,-,-,II_GEN_MAT_ELE_FLOOD,2000,1,1,-
-,-,-,-,-,-,-,II_GEN_MAT_ELE_THUNDER,2000,1,1,-
-,-,-,-,-,-,-,II_GEN_MAT_ELE_MOUNTAIN,2000,1,1,-
-,-,-,-,-,-,-,II_GEN_MAT_ELE_STORM,2000,1,1,-
77,20,60,2010-03-03 10:00,3000-01-01 12:00,-,-,-,-,-,-,-
-,-,-,-,-,MATERIAL,20,-,-,-,-,-
-,-,-,-,-,-,-,II_GEN_MAT_ELE_CANDLEB,2500,1,1,-
-,-,-,-,-,-,-,II_GEN_MAT_ELE_RAINATKB,2499,1,1,-
-,-,-,-,-,-,-,II_GEN_MAT_ELE_SPARKATKB,2500,1,1,-
-,-,-,-,-,-,-,II_GEN_MAT_ELE_SANDATKB,2500,1,1,-
-,-,-,-,-,-,-,II_GEN_MAT_ELE_BREEZEATKB,1,1,1,-
78,61,120,2010-03-03 10:00,3000-01-01 12:00,-,-,-,-,-,-,-
-,-,-,-,-,MATERIAL,100,-,-,-,-,-
-,-,-,-,-,-,-,II_GEN_MAT_ELE_MAGMA,2000,1,1,-
-,-,-,-,-,-,-,II_GEN_MAT_ELE_FLOOD,2000,1,1,-
-,-,-,-,-,-,-,II_GEN_MAT_ELE_THUNDER,2000,1,1,-
-,-,-,-,-,-,-,II_GEN_MAT_ELE_MOUNTAIN,2000,1,1,-
-,-,-,-,-,-,-,II_GEN_MAT_ELE_STORM,2000,1,1,-
79,61,120,2010-03-03 10:00,3000-01-01 12:00,-,-,-,-,-,-,-
-,-,-,-,-,MATERIAL,100,-,-,-,-,-
-,-,-,-,-,-,-,II_GEN_MAT_ELE_CANDLEB,2500,1,1,-
-,-,-,-,-,-,-,II_GEN_MAT_ELE_RAINATKB,2499,1,1,-
-,-,-,-,-,-,-,II_GEN_MAT_ELE_SPARKATKB,2500,1,1,-
-,-,-,-,-,-,-,II_GEN_MAT_ELE_SANDATKB,2500,1,1,-
-,-,-,-,-,-,-,II_GEN_MAT_ELE_BREEZEATKB,1,1,1,-
80,61,120,2010-03-03 10:00,3000-01-01 12:00,-,-,-,-,-,-,-
-,-,-,-,-,MATERIAL,1,-,-,-,-,-
-,-,-,-,-,-,-,II_GEN_MAT_ELE_VOLCANO,1500,1,1,-
-,-,-,-,-,-,-,II_GEN_MAT_ELE_OCEAN,1500,1,1,-
-,-,-,-,-,-,-,II_GEN_MAT_ELE_VACCUM,3500,1,1,-
-,-,-,-,-,-,-,II_GEN_MAT_ELE_LIGHTING,1500,1,1,-
-,-,-,-,-,-,-,II_GEN_MAT_ELE_EARTHQUAKE,2000,1,1,-
81,61,120,2010-03-03 10:00,3000-01-01 12:00,-,-,-,-,-,-,-
-,-,-,-,-,MATERIAL,1,-,-,-,-,-
-,-,-,-,-,-,-,II_GEN_MAT_ELE_CANDLEA,2500,1,1,-
-,-,-,-,-,-,-,II_GEN_MAT_ELE_RAINATKA,2499,1,1,-
-,-,-,-,-,-,-,II_GEN_MAT_ELE_SPARKATKA,2500,1,1,-
-,-,-,-,-,-,-,II_GEN_MAT_ELE_SANDATKA,2500,1,1,-
-,-,-,-,-,-,-,II_GEN_MAT_ELE_BREEZEATKA,1,1,1,-
82,121,140,2010-03-03 10:00,3000-01-01 12:00,-,-,-,-,-,-,-
-,-,-,-,-,MATERIAL,5,-,-,-,-,-
-,-,-,-,-,-,-,II_GEN_MAT_ELE_VOLCANO,1500,1,1,-
-,-,-,-,-,-,-,II_GEN_MAT_ELE_OCEAN,1500,1,1,-
-,-,-,-,-,-,-,II_GEN_MAT_ELE_VACCUM,3500,1,1,-
-,-,-,-,-,-,-,II_GEN_MAT_ELE_LIGHTING,1500,1,1,-
-,-,-,-,-,-,-,II_GEN_MAT_ELE_EARTHQUAKE,2000,1,1,-
83,121,140,2010-03-03 10:00,3000-01-01 12:00,-,-,-,-,-,-,-
-,-,-,-,-,MATERIAL,5,-,-,-,-,-
-,-,-,-,-,-,-,II_GEN_MAT_ELE_CANDLEA,2500,1,1,-
-,-,-,-,-,-,-,II_GEN_MAT_ELE_RAINATKA,2499,1,1,-
-,-,-,-,-,-,-,II_GEN_MAT_ELE_SPARKATKA,2500,1,1,-
-,-,-,-,-,-,-,II_GEN_MAT_ELE_SANDATKA,2500,1,1,-
-,-,-,-,-,-,-,II_GEN_MAT_ELE_BREEZEATKA,1,1,1,-
84,141,160,2010-03-03 10:00,3000-01-01 12:00,-,-,-,-,-,-,-
-,-,-,-,-,MATERIAL,10,-,-,-,-,-
-,-,-,-,-,-,-,II_GEN_MAT_ELE_VOLCANO,1500,1,1,-
-,-,-,-,-,-,-,II_GEN_MAT_ELE_OCEAN,1500,1,1,-
-,-,-,-,-,-,-,II_GEN_MAT_ELE_VACCUM,3500,1,1,-
-,-,-,-,-,-,-,II_GEN_MAT_ELE_LIGHTING,1500,1,1,-
-,-,-,-,-,-,-,II_GEN_MAT_ELE_EARTHQUAKE,2000,1,1,-
85,141,160,2010-03-03 10:00,3000-01-01 12:00,-,-,-,-,-,-,-
-,-,-,-,-,MATERIAL,10,-,-,-,-,-
-,-,-,-,-,-,-,II_GEN_MAT_ELE_CANDLEA,2500,1,1,-
-,-,-,-,-,-,-,II_GEN_MAT_ELE_RAINATKA,2499,1,1,-
-,-,-,-,-,-,-,II_GEN_MAT_ELE_SPARKATKA,2500,1,1,-
-,-,-,-,-,-,-,II_GEN_MAT_ELE_SANDATKA,2500,1,1,-
-,-,-,-,-,-,-,II_GEN_MAT_ELE_BREEZEATKA,1,1,1,-
86,21,40,2010-03-03 10:00,3000-01-01 12:00,-,-,-,-,-,-,-
-,-,-,-,-,ETC,1,-,-,-,-,-
-,-,-,-,-,-,-,II_PET_EGG,10000,1,1,-
87,41,60,2010-03-03 10:00,3000-01-01 12:00,-,-,-,-,-,-,-
-,-,-,-,-,ETC,3,-,-,-,-,-
-,-,-,-,-,-,-,II_PET_EGG,10000,1,1,-
88,61,80,2010-03-03 10:00,3000-01-01 12:00,-,-,-,-,-,-,-
-,-,-,-,-,ETC,3,-,-,-,-,-
-,-,-,-,-,-,-,II_PET_EGG,10000,1,1,-
89,81,100,2010-03-03 10:00,3000-01-01 12:00,-,-,-,-,-,-,-
-,-,-,-,-,ETC,3,-,-,-,-,-
-,-,-,-,-,-,-,II_PET_EGG,10000,1,1,-
90,101,130,2010-03-03 10:00,3000-01-01 12:00,-,-,-,-,-,-,-
-,-,-,-,-,ETC,3,-,-,-,-,-
-,-,-,-,-,-,-,II_PET_EGG,10000,1,1,-
91,131,160,2010-03-03 10:00,3000-01-01 12:00,-,-,-,-,-,-,-
-,-,-,-,-,ETC,3,-,-,-,-,-
-,-,-,-,-,-,-,II_PET_EGG,10000,1,1,-
92,21,40,2010-03-03 10:00,3000-01-01 12:00,-,-,-,-,-,-,-
-,-,-,-,-,MATERIAL,67,-,-,-,-,-
-,-,-,-,-,-,-,II_GEN_MAT_ORICHALCUM01,5000,1,1,-
-,-,-,-,-,-,-,II_GEN_MAT_MOONSTONE,5000,1,1,-
93,41,60,2010-03-03 10:00,3000-01-01 12:00,-,-,-,-,-,-,-
-,-,-,-,-,MATERIAL,77,-,-,-,-,-
-,-,-,-,-,-,-,II_GEN_MAT_ORICHALCUM01,5000,1,1,-
-,-,-,-,-,-,-,II_GEN_MAT_MOONSTONE,5000,1,1,-
94,61,80,2010-03-03 10:00,3000-01-01 12:00,-,-,-,-,-,-,-
-,-,-,-,-,MATERIAL,87,-,-,-,-,-
-,-,-,-,-,-,-,II_GEN_MAT_ORICHALCUM01,5000,1,1,-
-,-,-,-,-,-,-,II_GEN_MAT_MOONSTONE,5000,1,1,-
95,81,100,2010-03-03 10:00,3000-01-01 12:00,-,-,-,-,-,-,-
-,-,-,-,-,MATERIAL,97,-,-,-,-,-
-,-,-,-,-,-,-,II_GEN_MAT_ORICHALCUM01,5000,1,1,-
-,-,-,-,-,-,-,II_GEN_MAT_MOONSTONE,5000,1,1,-
96,101,130,2010-03-03 10:00,3000-01-01 12:00,-,-,-,-,-,-,-
-,-,-,-,-,MATERIAL,107,-,-,-,-,-
-,-,-,-,-,-,-,II_GEN_MAT_ORICHALCUM01,5000,1,1,-
-,-,-,-,-,-,-,II_GEN_MAT_MOONSTONE,5000,1,1,-
97,131,160,2010-03-03 10:00,3000-01-01 12:00,-,-,-,-,-,-,-
-,-,-,-,-,MATERIAL,117,-,-,-,-,-
-,-,-,-,-,-,-,II_GEN_MAT_ORICHALCUM01,5000,1,1,-
-,-,-,-,-,-,-,II_GEN_MAT_MOONSTONE,5000,1,1,-
-,-,-,-,-,ETC,333,-,-,-,-,-
-,-,-,-,-,-,-,II_GEN_MAT_CIDPIEC01,1000,1,1,-
-,-,-,-,-,-,-,II_GEN_MAT_CIDPIECE02,1500,1,1,-
-,-,-,-,-,-,-,II_GEN_MAT_CIDPIECE03,2000,1,1,-
-,-,-,-,-,-,-,II_GEN_MAT_CIDPIECE04,2500,1,1,-
-,-,-,-,-,-,-,II_GEN_MAT_CIDPIECE05,3000,1,1,-
98,6,20,2010-03-03 10:00,3000-01-01 12:00,-,-,-,-,-,-,-
-,-,-,-,-,ETC,333,-,-,-,-,-
-,-,-,-,-,-,-,II_GEN_POT_DRI_VITAL100,10000,1,1,-
99,21,42,2010-03-03 10:00,3000-01-01 12:00,-,-,-,-,-,-,-
-,-,-,-,-,ETC,233,-,-,-,-,-
-,-,-,-,-,-,-,II_GEN_POT_DRI_VITAL200,10000,1,1,-
100,43,48,2010-03-03 10:00,3000-01-01 12:00,-,-,-,-,-,-,-
-,-,-,-,-,ETC,233,-,-,-,-,-
-,-,-,-,-,-,-,II_GEN_POT_DRI_VITAL300,10000,1,1,-
101,49,74,2010-03-03 10:00,3000-01-01 12:00,-,-,-,-,-,-,-
-,-,-,-,-,ETC,233,-,-,-,-,-
-,-,-,-,-,-,-,II_GEN_POT_DRI_VITAL400,10000,1,1,-
102,75,104,2010-03-03 10:00,3000-01-01 12:00,-,-,-,-,-,-,-
-,-,-,-,-,ETC,233,-,-,-,-,-
-,-,-,-,-,-,-,II_GEN_POT_DRI_VITAL500,10000,1,1,-
103,105,119,2010-03-03 10:00,3000-01-01 12:00,-,-,-,-,-,-,-
-,-,-,-,-,ETC,233,-,-,-,-,-
-,-,-,-,-,-,-,II_GEN_POT_DRI_VITAL600,10000,1,1,-
104,120,126,2010-03-03 10:00,3000-01-01 12:00,-,-,-,-,-,-,-
-,-,-,-,-,ETC,233,-,-,-,-,-
-,-,-,-,-,-,-,II_GEN_POT_DRI_VITAL700,10000,1,1,-
105,127,134,2010-03-03 10:00,3000-01-01 12:00,-,-,-,-,-,-,-
-,-,-,-,-,ETC,233,-,-,-,-,-
-,-,-,-,-,-,-,II_GEN_POT_DRI_VITAL800,10000,1,1,-
106,135,160,2010-03-03 10:00,3000-01-01 12:00,-,-,-,-,-,-,-
-,-,-,-,-,ETC,233,-,-,-,-,-
-,-,-,-,-,-,-,II_GEN_POT_DRI_VITAL900,10000,1,1,-
107,15,20,2010-03-03 10:00,3000-01-01 12:00,-,-,-,-,-,-,-
-,-,-,-,-,ETC,1000,-,-,-,-,-
-,-,-,-,-,-,-,II_GEN_REF_REF_FIRST,10000,1,1,-
108,21,42,2010-03-03 10:00,3000-01-01 12:00,-,-,-,-,-,-,-
-,-,-,-,-,ETC,667,-,-,-,-,-
-,-,-,-,-,-,-,II_GEN_REF_REF_SECOND,10000,1,1,-
109,43,48,2010-03-03 10:00,3000-01-01 12:00,-,-,-,-,-,-,-
-,-,-,-,-,ETC,667,-,-,-,-,-
-,-,-,-,-,-,-,II_GEN_REF_REF_THIRD,10000,1,1,-
110,49,74,2010-03-03 10:00,3000-01-01 12:00,-,-,-,-,-,-,-
-,-,-,-,-,ETC,667,-,-,-,-,-
-,-,-,-,-,-,-,II_GEN_REF_REF_FOUTH,10000,1,1,-
111,75,104,2010-03-03 10:00,3000-01-01 12:00,-,-,-,-,-,-,-
-,-,-,-,-,ETC,667,-,-,-,-,-
-,-,-,-,-,-,-,II_GEN_REF_REF_FIFTH,10000,1,1,-
112,105,119,2010-03-03 10:00,3000-01-01 12:00,-,-,-,-,-,-,-
-,-,-,-,-,ETC,667,-,-,-,-,-
-,-,-,-,-,-,-,II_GEN_REF_REF_SIXTH,10000,1,1,-
113,120,126,2010-03-03 10:00,3000-01-01 12:00,-,-,-,-,-,-,-
-,-,-,-,-,ETC,667,-,-,-,-,-
-,-,-,-,-,-,-,II_GEN_REF_REF_SEVENTH,10000,1,1,-
114,127,134,2010-03-03 10:00,3000-01-01 12:00,-,-,-,-,-,-,-
-,-,-,-,-,ETC,667,-,-,-,-,-
-,-,-,-,-,-,-,II_GEN_REF_REF_EIGHTH,10000,1,1,-
115,135,160,2010-03-03 10:00,3000-01-01 12:00,-,-,-,-,-,-,-
-,-,-,-,-,ETC,667,-,-,-,-,-
-,-,-,-,-,-,-,II_GEN_REF_REF_NINTH,10000,1,1,-
116,1,4,2010-03-03 10:00,3000-01-01 12:00,-,-,-,-,-,-,-
-,-,-,-,-,ETC,2333,-,-,-,-,-
-,-,-,-,-,-,-,II_GEN_FOO_ICE_ORANGEJUIICE,10000,1,1,-
117,3,10,2010-03-03 10:00,3000-01-01 12:00,-,-,-,-,-,-,-
-,-,-,-,-,ETC,2333,-,-,-,-,-
-,-,-,-,-,-,-,II_GEN_FOO_INS_LOLLIPOP,10000,1,1,-
118,8,16,2010-03-03 10:00,3000-01-01 12:00,-,-,-,-,-,-,-
-,-,-,-,-,ETC,2333,-,-,-,-,-
-,-,-,-,-,-,-,II_GEN_FOO_ICE_STRAWBERRYSHAKE,10000,1,1,-
119,14,22,2010-03-03 10:00,3000-01-01 12:00,-,-,-,-,-,-,-
-,-,-,-,-,ETC,2333,-,-,-,-,-
-,-,-,-,-,-,-,II_GEN_FOO_INS_BISCUIT,10000,1,1,-
120,20,29,2010-03-03 10:00,3000-01-01 12:00,-,-,-,-,-,-,-
-,-,-,-,-,ETC,2333,-,-,-,-,-
-,-,-,-,-,-,-,II_GEN_FOO_COO_BARBECUE,10000,1,1,-
121,27,36,2010-03-03 10:00,3000-01-01 12:00,-,-,-,-,-,-,-
-,-,-,-,-,ETC,2333,-,-,-,-,-
-,-,-,-,-,-,-,II_GEN_FOO_INS_CHOCOLATE,10000,1,1,-
122,34,43,2010-03-03 10:00,3000-01-01 12:00,-,-,-,-,-,-,-
-,-,-,-,-,ETC,2333,-,-,-,-,-
-,-,-,-,-,-,-,II_GEN_FOO_COO_SEAFOODPANCAKE,10000,1,1,-
123,41,50,2010-03-03 10:00,3000-01-01 12:00,-,-,-,-,-,-,-
-,-,-,-,-,ETC,2333,-,-,-,-,-
-,-,-,-,-,-,-,II_GEN_FOO_INS_MILK,10000,1,1,-
124,48,57,2010-03-03 10:00,3000-01-01 12:00,-,-,-,-,-,-,-
-,-,-,-,-,ETC,2333,-,-,-,-,-
-,-,-,-,-,-,-,II_GEN_FOO_COO_FISHSOUP,10000,1,1,-
125,55,64,2010-03-03 10:00,3000-01-01 12:00,-,-,-,-,-,-,-
-,-,-,-,-,ETC,2333,-,-,-,-,-
-,-,-,-,-,-,-,II_GEN_FOO_INS_BREAD,10000,1,1,-
126,61,72,2010-03-03 10:00,3000-01-01 12:00,-,-,-,-,-,-,-
-,-,-,-,-,ETC,1667,-,-,-,-,-
-,-,-,-,-,-,-,II_GEN_FOO_COO_SAUSAGECASSEROLE,10000,1,1,-
127,69,80,2010-03-03 10:00,3000-01-01 12:00,-,-,-,-,-,-,-
-,-,-,-,-,ETC,1667,-,-,-,-,-
-,-,-,-,-,-,-,II_GEN_FOO_ICE_FRUITPARFAIT,10000,1,1,-
128,77,88,2010-03-03 10:00,3000-01-01 12:00,-,-,-,-,-,-,-
-,-,-,-,-,ETC,1667,-,-,-,-,-
-,-,-,-,-,-,-,II_GEN_FOO_ICE_FRUITSHERBET,10000,1,1,-
129,85,96,2010-03-03 10:00,3000-01-01 12:00,-,-,-,-,-,-,-
-,-,-,-,-,ETC,1667,-,-,-,-,-
-,-,-,-,-,-,-,II_GEN_FOO_INS_HODDUK,10000,1,1,-
130,93,104,2010-03-03 10:00,3000-01-01 12:00,-,-,-,-,-,-,-
-,-,-,-,-,ETC,1667,-,-,-,-,-
-,-,-,-,-,-,-,II_GEN_FOO_ICE_ICECREAMCAKE,10000,1,1,-
131,100,112,2010-03-03 10:00,3000-01-01 12:00,-,-,-,-,-,-,-
-,-,-,-,-,ETC,1333,-,-,-,-,-
-,-,-,-,-,-,-,II_GEN_FOO_COO_STEAMEDSEAFOOD,10000,1,1,-
132,108,120,2010-03-03 10:00,3000-01-01 12:00,-,-,-,-,-,-,-
-,-,-,-,-,ETC,1333,-,-,-,-,-
-,-,-,-,-,-,-,II_GEN_FOO_ICE_FRUITPUNCH,10000,1,1,-
133,116,126,2010-03-03 10:00,3000-01-01 12:00,-,-,-,-,-,-,-
-,-,-,-,-,ETC,1333,-,-,-,-,-
-,-,-,-,-,-,-,II_GEN_FOO_INS_CHICKENSTICK,10000,1,1,-
134,122,132,2010-03-03 10:00,3000-01-01 12:00,-,-,-,-,-,-,-
-,-,-,-,-,ETC,1333,-,-,-,-,-
-,-,-,-,-,-,-,II_GEN_FOO_COO_MEATSALAD,10000,1,1,-
135,127,138,2010-03-03 10:00,3000-01-01 12:00,-,-,-,-,-,-,-
-,-,-,-,-,ETC,1333,-,-,-,-,-
-,-,-,-,-,-,-,II_GEN_FOO_INS_STARCANDY,10000,1,1,-
136,133,144,2010-03-03 10:00,3000-01-01 12:00,-,-,-,-,-,-,-
-,-,-,-,-,ETC,1333,-,-,-,-,-
-,-,-,-,-,-,-,II_GEN_FOO_COO_GRATIN,10000,1,1,-
137,139,160,2010-03-03 10:00,3000-01-01 12:00,-,-,-,-,-,-,-
-,-,-,-,-,ETC,1333,-,-,-,-,-
-,-,-,-,-,-,-,II_GEN_FOO_COO_SEAFOODPIZZA,10000,1,1,-
138,20,60,2010-03-03 10:00,3000-01-01 12:00,-,-,-,-,-,-,-
-,-,-,-,-,ETC,67,-,-,-,-,-
-,-,-,-,-,-,-,II_SYS_VIS_LV1_STR,520,1,1,-
-,-,-,-,-,-,-,II_SYS_VIS_LV1_DEX,520,1,1,-
-,-,-,-,-,-,-,II_SYS_VIS_LV1_INT,520,1,1,-
-,-,-,-,-,-,-,II_SYS_VIS_LV1_STA,520,1,1,-
-,-,-,-,-,-,-,II_SYS_VIS_LV1_DMG,520,1,1,-
-,-,-,-,-,-,-,II_SYS_VIS_LV1_SPELLRATE,520,1,1,-
-,-,-,-,-,-,-,II_SYS_VIS_LV1_CRIRATE,520,1,1,-
-,-,-,-,-,-,-,II_SYS_VIS_LV1_BLOMELEE,530,1,1,-
-,-,-,-,-,-,-,II_SYS_VIS_LV1_BLRANGE,530,1,1,-
-,-,-,-,-,-,-,II_SYS_VIS_LV1_CRITICAL,530,1,1,-
-,-,-,-,-,-,-,II_SYS_VIS_LV1_SPEED,530,1,1,-
-,-,-,-,-,-,-,II_SYS_VIS_LV1_HITRATE,530,1,1,-
-,-,-,-,-,-,-,II_SYS_VIS_LV1_ATKSPEED,530,1,1,-
-,-,-,-,-,-,-,II_SYS_VIS_LV1_ATKPOWER,530,1,1,-
-,-,-,-,-,-,-,II_SYS_VIS_LV1_ADJDEF,530,1,1,-
-,-,-,-,-,-,-,II_SYS_VIS_LV1_ADDMAGIC,530,1,1,-
-,-,-,-,-,-,-,II_SYS_VIS_LV1_PARRY,530,1,1,-
-,-,-,-,-,-,-,II_SYS_VIS_LV1_HPMAX,530,1,1,-
-,-,-,-,-,-,-,II_SYS_VIS_LV1_KILLHP,530,1,1,-
139,61,104,2010-03-03 10:00,3000-01-01 12:00,-,-,-,-,-,-,-
-,-,-,-,-,ETC,117,-,-,-,-,-
-,-,-,-,-,-,-,II_SYS_VIS_LV1_STR,520,1,1,-
-,-,-,-,-,-,-,II_SYS_VIS_LV1_DEX,520,1,1,-
-,-,-,-,-,-,-,II_SYS_VIS_LV1_INT,520,1,1,-
-,-,-,-,-,-,-,II_SYS_VIS_LV1_STA,520,1,1,-
-,-,-,-,-,-,-,II_SYS_VIS_LV1_DMG,520,1,1,-
-,-,-,-,-,-,-,II_SYS_VIS_LV1_SPELLRATE,520,1,1,-
-,-,-,-,-,-,-,II_SYS_VIS_LV1_CRIRATE,520,1,1,-
-,-,-,-,-,-,-,II_SYS_VIS_LV1_BLOMELEE,530,1,1,-
-,-,-,-,-,-,-,II_SYS_VIS_LV1_BLRANGE,530,1,1,-
-,-,-,-,-,-,-,II_SYS_VIS_LV1_CRITICAL,530,1,1,-
-,-,-,-,-,-,-,II_SYS_VIS_LV1_SPEED,530,1,1,-
-,-,-,-,-,-,-,II_SYS_VIS_LV1_HITRATE,530,1,1,-
-,-,-,-,-,-,-,II_SYS_VIS_LV1_ATKSPEED,530,1,1,-
-,-,-,-,-,-,-,II_SYS_VIS_LV1_ATKPOWER,530,1,1,-
-,-,-,-,-,-,-,II_SYS_VIS_LV1_ADJDEF,530,1,1,-
-,-,-,-,-,-,-,II_SYS_VIS_LV1_ADDMAGIC,530,1,1,-
-,-,-,-,-,-,-,II_SYS_VIS_LV1_PARRY,530,1,1,-
-,-,-,-,-,-,-,II_SYS_VIS_LV1_HPMAX,530,1,1,-
-,-,-,-,-,-,-,II_SYS_VIS_LV1_KILLHP,530,1,1,-
140,105,130,2010-03-03 10:00,3000-01-01 12:00,-,-,-,-,-,-,-
-,-,-,-,-,ETC,168,-,-,-,-,-
-,-,-,-,-,-,-,II_SYS_VIS_LV1_STR,520,1,1,-
-,-,-,-,-,-,-,II_SYS_VIS_LV1_DEX,520,1,1,-
-,-,-,-,-,-,-,II_SYS_VIS_LV1_INT,520,1,1,-
-,-,-,-,-,-,-,II_SYS_VIS_LV1_STA,520,1,1,-
-,-,-,-,-,-,-,II_SYS_VIS_LV1_DMG,520,1,1,-
-,-,-,-,-,-,-,II_SYS_VIS_LV1_SPELLRATE,520,1,1,-
-,-,-,-,-,-,-,II_SYS_VIS_LV1_CRIRATE,520,1,1,-
-,-,-,-,-,-,-,II_SYS_VIS_LV1_BLOMELEE,530,1,1,-
-,-,-,-,-,-,-,II_SYS_VIS_LV1_BLRANGE,530,1,1,-
-,-,-,-,-,-,-,II_SYS_VIS_LV1_CRITICAL,530,1,1,-
-,-,-,-,-,-,-,II_SYS_VIS_LV1_SPEED,530,1,1,-
-,-,-,-,-,-,-,II_SYS_VIS_LV1_HITRATE,530,1,1,-
-,-,-,-,-,-,-,II_SYS_VIS_LV1_ATKSPEED,530,1,1,-
-,-,-,-,-,-,-,II_SYS_VIS_LV1_ATKPOWER,530,1,1,-
-,-,-,-,-,-,-,II_SYS_VIS_LV1_ADJDEF,530,1,1,-
-,-,-,-,-,-,-,II_SYS_VIS_LV1_ADDMAGIC,530,1,1,-
-,-,-,-,-,-,-,II_SYS_VIS_LV1_PARRY,530,1,1,-
-,-,-,-,-,-,-,II_SYS_VIS_LV1_HPMAX,530,1,1,-
-,-,-,-,-,-,-,II_SYS_VIS_LV1_KILLHP,530,1,1,-
141,131,160,2010-03-03 10:00,3000-01-01 12:00,-,-,-,-,-,-,-
-,-,-,-,-,ETC,242,-,-,-,-,-
-,-,-,-,-,-,-,II_SYS_VIS_LV1_STR,520,1,1,-
-,-,-,-,-,-,-,II_SYS_VIS_LV1_DEX,520,1,1,-
-,-,-,-,-,-,-,II_SYS_VIS_LV1_INT,520,1,1,-
-,-,-,-,-,-,-,II_SYS_VIS_LV1_STA,520,1,1,-
-,-,-,-,-,-,-,II_SYS_VIS_LV1_DMG,520,1,1,-
-,-,-,-,-,-,-,II_SYS_VIS_LV1_SPELLRATE,520,1,1,-
-,-,-,-,-,-,-,II_SYS_VIS_LV1_CRIRATE,520,1,1,-
-,-,-,-,-,-,-,II_SYS_VIS_LV1_BLOMELEE,530,1,1,-
-,-,-,-,-,-,-,II_SYS_VIS_LV1_BLRANGE,530,1,1,-
-,-,-,-,-,-,-,II_SYS_VIS_LV1_CRITICAL,530,1,1,-
-,-,-,-,-,-,-,II_SYS_VIS_LV1_SPEED,530,1,1,-
-,-,-,-,-,-,-,II_SYS_VIS_LV1_HITRATE,530,1,1,-
-,-,-,-,-,-,-,II_SYS_VIS_LV1_ATKSPEED,530,1,1,-
-,-,-,-,-,-,-,II_SYS_VIS_LV1_ATKPOWER,530,1,1,-
-,-,-,-,-,-,-,II_SYS_VIS_LV1_ADJDEF,530,1,1,-
-,-,-,-,-,-,-,II_SYS_VIS_LV1_ADDMAGIC,530,1,1,-
-,-,-,-,-,-,-,II_SYS_VIS_LV1_PARRY,530,1,1,-
-,-,-,-,-,-,-,II_SYS_VIS_LV1_HPMAX,530,1,1,-
-,-,-,-,-,-,-,II_SYS_VIS_LV1_KILLHP,530,1,1,-
142,1,15,2010-03-03 10:00,3000-01-01 12:00,-,-,-,-,-,-,-
-,-,-,-,-,ETC,25,-,-,-,-,-
-,-,-,-,-,-,-,II_SYS_SYS_SCR_TREASUREBOXLV15,10000,1,1,-
143,14,60,2010-03-03 10:00,3000-01-01 12:00,-,-,-,-,-,-,-
-,-,-,-,-,ETC,25,-,-,-,-,-
-,-,-,-,-,-,-,II_SYS_SYS_SCR_TREASUREBOXLV60,10000,1,1,-
144,59,90,2010-03-03 10:00,3000-01-01 12:00,-,-,-,-,-,-,-
-,-,-,-,-,ETC,25,-,-,-,-,-
-,-,-,-,-,-,-,II_SYS_SYS_SCR_TREASUREBOXLV90,10000,1,1,-
145,89,160,2010-03-03 10:00,3000-01-01 12:00,-,-,-,-,-,-,-
-,-,-,-,-,ETC,25,-,-,-,-,-
-,-,-,-,-,-,-,II_SYS_SYS_SCR_TREASUREBOXLV120,10000,1,1,-
146,1,15,2010-03-03 10:00,3000-01-01 12:00,-,-,-,-,-,-,-
-,-,-,-,-,ETC,12,-,-,-,-,-
-,-,-,-,-,-,-,II_SYS_SYS_SCR_TREASUREKEYLOW15,10000,1,1,-
147,16,60,2010-03-03 10:00,3000-01-01 12:00,-,-,-,-,-,-,-
-,-,-,-,-,ETC,12,-,-,-,-,-
-,-,-,-,-,-,-,II_SYS_SYS_SCR_TREASUREKEYLOW60,10000,1,1,-
148,61,90,2010-03-03 10:00,3000-01-01 12:00,-,-,-,-,-,-,-
-,-,-,-,-,ETC,12,-,-,-,-,-
-,-,-,-,-,-,-,II_SYS_SYS_SCR_TREASUREKEYLOW90,10000,1,1,-
149,91,160,2010-03-03 10:00,3000-01-01 12:00,-,-,-,-,-,-,-
-,-,-,-,-,ETC,12,-,-,-,-,-
-,-,-,-,-,-,-,II_SYS_SYS_SCR_TREASUREKEYLOW120,10000,1,1,-
150,1,15,2010-03-03 10:00,3000-01-01 12:00,-,-,-,-,-,-,-
-,-,-,-,-,ETC,7,-,-,-,-,-
-,-,-,-,-,-,-,II_SYS_SYS_SCR_TREASUREKEYMIDDLE15,10000,1,1,-
151,16,60,2010-03-03 10:00,3000-01-01 12:00,-,-,-,-,-,-,-
-,-,-,-,-,ETC,7,-,-,-,-,-
-,-,-,-,-,-,-,II_SYS_SYS_SCR_TREASUREKEYMIDDLE60,10000,1,1,-
152,61,90,2010-03-03 10:00,3000-01-01 12:00,-,-,-,-,-,-,-
-,-,-,-,-,ETC,7,-,-,-,-,-
-,-,-,-,-,-,-,II_SYS_SYS_SCR_TREASUREKEYMIDDLE90,10000,1,1,-
153,91,160,2010-03-03 10:00,3000-01-01 12:00,-,-,-,-,-,-,-
-,-,-,-,-,ETC,7,-,-,-,-,-
-,-,-,-,-,-,-,II_SYS_SYS_SCR_TREASUREKEYMIDDLE120,10000,1,1,-
154,60,160,2010-03-03 10:00,3000-01-01 12:00,-,-,-,-,-,-,-
-,-,-,-,-,ETC,300,-,-,-,-,-
-,-,-,-,-,-,-,II_GEN_GEM_GEM_FLYFFPIECE_F,3600,1,1,-
-,-,-,-,-,-,-,II_GEN_GEM_GEM_FLYFFPIECE_L,400,1,1,-
-,-,-,-,-,-,-,II_GEN_GEM_GEM_FLYFFPIECE_Y,1400,1,1,-
-,-,-,-,-,-,-,II_GEN_GEM_GEM_FLYFFPIECE_O,400,1,1,-
-,-,-,-,-,-,-,II_GEN_GEM_GEM_FLYFFPIECE_R,1400,1,1,-
-,-,-,-,-,-,-,II_GEN_GEM_GEM_FLYFFPIECE_U,400,1,1,-
-,-,-,-,-,-,-,II_GEN_GEM_GEM_FLYFFPIECE_N,1400,1,1,-
-,-,-,-,-,-,-,II_GEN_FOO_INS_CHICKENSTICK,1000,1,1,-
154,122,132,2010-03-03 10:00,3000-01-01 12:00,-,-,-,-,-,-,-
-,-,-,-,-,ETC,1333,-,-,-,-,-
-,-,-,-,-,-,-,II_GEN_FOO_COO_MEATSALAD,10000,1,1,-
155,127,138,2010-03-03 10:00,3000-01-01 12:00,-,-,-,-,-,-,-
-,-,-,-,-,ETC,1333,-,-,-,-,-
-,-,-,-,-,-,-,II_GEN_FOO_INS_STARCANDY,10000,1,1,-
156,133,144,2010-03-03 10:00,3000-01-01 12:00,-,-,-,-,-,-,-
-,-,-,-,-,ETC,1333,-,-,-,-,-
-,-,-,-,-,-,-,II_GEN_FOO_COO_GRATIN,10000,1,1,-
157,139,160,2010-03-03 10:00,3000-01-01 12:00,-,-,-,-,-,-,-
-,-,-,-,-,ETC,1333,-,-,-,-,-
-,-,-,-,-,-,-,II_GEN_FOO_COO_SEAFOODPIZZA,10000,1,1,-
